date,pm 2.5,stasiun,id_stasiun,Pollution Level
9/27/23,65.0,Balikpapan Sepinggan,1,Moderate
9/28/23,63.0,Balikpapan Sepinggan,1,Moderate
9/29/23,57.0,Balikpapan Sepinggan,1,Moderate
9/30/23,46.0,Balikpapan Sepinggan,1,Good
10/1/23,37.0,Balikpapan Sepinggan,1,Good
10/2/23,55.0,Balikpapan Sepinggan,1,Moderate
10/3/23,54.0,Balikpapan Sepinggan,1,Moderate
10/4/23,62.0,Balikpapan Sepinggan,1,Moderate
10/5/23,64.0,Balikpapan Sepinggan,1,Moderate
10/6/23,63.0,Balikpapan Sepinggan,1,Moderate
10/7/23,59.0,Balikpapan Sepinggan,1,Moderate
10/8/23,51.0,Balikpapan Sepinggan,1,Moderate
10/9/23,54.0,Balikpapan Sepinggan,1,Moderate
10/10/23,58.0,Balikpapan Sepinggan,1,Moderate
10/11/23,60.0,Balikpapan Sepinggan,1,Moderate
10/12/23,67.0,Balikpapan Sepinggan,1,Moderate
10/13/23,67.0,Balikpapan Sepinggan,1,Moderate
10/14/23,65.0,Balikpapan Sepinggan,1,Moderate
10/15/23,62.0,Balikpapan Sepinggan,1,Moderate
10/16/23,53.0,Balikpapan Sepinggan,1,Moderate
10/17/23,65.0,Balikpapan Sepinggan,1,Moderate
10/18/23,45.0,Balikpapan Sepinggan,1,Good
10/19/23,59.0,Balikpapan Sepinggan,1,Moderate
10/20/23,38.0,Balikpapan Sepinggan,1,Good
10/21/23,54.0,Balikpapan Sepinggan,1,Moderate
10/22/23,57.0,Balikpapan Sepinggan,1,Moderate
10/23/23,60.0,Balikpapan Sepinggan,1,Moderate
10/24/23,53.0,Balikpapan Sepinggan,1,Moderate
10/25/23,65.0,Balikpapan Sepinggan,1,Moderate
10/26/23,53.0,Balikpapan Sepinggan,1,Moderate
10/27/23,65.0,Balikpapan Sepinggan,1,Moderate
10/28/23,71.0,Balikpapan Sepinggan,1,Moderate
10/29/23,71.0,Balikpapan Sepinggan,1,Moderate
10/30/23,76.0,Balikpapan Sepinggan,1,Moderate
10/31/23,66.0,Balikpapan Sepinggan,1,Moderate
11/1/23,79.0,Balikpapan Sepinggan,1,Moderate
11/2/23,72.0,Balikpapan Sepinggan,1,Moderate
11/3/23,69.0,Balikpapan Sepinggan,1,Moderate
11/4/23,67.0,Balikpapan Sepinggan,1,Moderate
11/5/23,61.0,Balikpapan Sepinggan,1,Moderate
11/6/23,51.0,Balikpapan Sepinggan,1,Moderate
11/7/23,58.0,Balikpapan Sepinggan,1,Moderate
11/8/23,58.0,Balikpapan Sepinggan,1,Moderate
11/9/23,55.0,Balikpapan Sepinggan,1,Moderate
11/10/23,71.0,Balikpapan Sepinggan,1,Moderate
11/11/23,63.0,Balikpapan Sepinggan,1,Moderate
11/12/23,68.0,Balikpapan Sepinggan,1,Moderate
11/13/23,67.0,Balikpapan Sepinggan,1,Moderate
11/14/23,57.0,Balikpapan Sepinggan,1,Moderate
11/15/23,59.0,Balikpapan Sepinggan,1,Moderate
11/16/23,62.0,Balikpapan Sepinggan,1,Moderate
11/17/23,71.0,Balikpapan Sepinggan,1,Moderate
11/20/23,54.0,Balikpapan Sepinggan,1,Moderate
11/21/23,56.0,Balikpapan Sepinggan,1,Moderate
11/22/23,56.0,Balikpapan Sepinggan,1,Moderate
11/23/23,49.0,Balikpapan Sepinggan,1,Good
11/24/23,48.0,Balikpapan Sepinggan,1,Good
11/25/23,60.0,Balikpapan Sepinggan,1,Moderate
11/26/23,67.0,Balikpapan Sepinggan,1,Moderate
11/27/23,67.0,Balikpapan Sepinggan,1,Moderate
11/28/23,65.0,Balikpapan Sepinggan,1,Moderate
11/29/23,62.0,Balikpapan Sepinggan,1,Moderate
11/30/23,53.0,Balikpapan Sepinggan,1,Moderate
12/1/23,65.0,Balikpapan Sepinggan,1,Moderate
12/2/23,45.0,Balikpapan Sepinggan,1,Good
12/3/23,59.0,Balikpapan Sepinggan,1,Moderate
12/8/23,38.0,Balikpapan Sepinggan,1,Good
12/9/23,54.0,Balikpapan Sepinggan,1,Moderate
12/10/23,57.0,Balikpapan Sepinggan,1,Moderate
12/11/23,60.0,Balikpapan Sepinggan,1,Moderate
12/12/23,53.0,Balikpapan Sepinggan,1,Moderate
12/13/23,65.0,Balikpapan Sepinggan,1,Moderate
12/14/23,53.0,Balikpapan Sepinggan,1,Moderate
12/15/23,65.0,Balikpapan Sepinggan,1,Moderate
12/16/23,71.0,Balikpapan Sepinggan,1,Moderate
12/17/23,71.0,Balikpapan Sepinggan,1,Moderate
12/18/23,76.0,Balikpapan Sepinggan,1,Moderate
12/19/23,66.0,Balikpapan Sepinggan,1,Moderate
12/20/23,79.0,Balikpapan Sepinggan,1,Moderate
12/21/23,72.0,Balikpapan Sepinggan,1,Moderate
12/22/23,69.0,Balikpapan Sepinggan,1,Moderate
12/23/23,67.0,Balikpapan Sepinggan,1,Moderate
12/24/23,61.0,Balikpapan Sepinggan,1,Moderate
12/25/23,51.0,Balikpapan Sepinggan,1,Moderate
12/26/23,58.0,Balikpapan Sepinggan,1,Moderate
12/27/23,58.0,Balikpapan Sepinggan,1,Moderate
12/28/23,55.0,Balikpapan Sepinggan,1,Moderate
12/29/23,63.0,Balikpapan Sepinggan,1,Moderate
12/30/23,57.0,Balikpapan Sepinggan,1,Moderate
12/31/23,46.0,Balikpapan Sepinggan,1,Good
1/1/24,37.0,Balikpapan Sepinggan,1,Good
1/2/24,55.0,Balikpapan Sepinggan,1,Moderate
1/3/24,54.0,Balikpapan Sepinggan,1,Moderate
1/4/24,62.0,Balikpapan Sepinggan,1,Moderate
1/5/24,64.0,Balikpapan Sepinggan,1,Moderate
1/7/24,63.0,Balikpapan Sepinggan,1,Moderate
1/8/24,59.0,Balikpapan Sepinggan,1,Moderate
1/9/24,51.0,Balikpapan Sepinggan,1,Moderate
1/10/24,54.0,Balikpapan Sepinggan,1,Moderate
1/11/24,58.0,Balikpapan Sepinggan,1,Moderate
1/12/24,60.0,Balikpapan Sepinggan,1,Moderate
1/13/24,67.0,Balikpapan Sepinggan,1,Moderate
1/14/24,67.0,Balikpapan Sepinggan,1,Moderate
1/29/24,65.0,Balikpapan Sepinggan,1,Moderate
1/30/24,62.0,Balikpapan Sepinggan,1,Moderate
1/31/24,53.0,Balikpapan Sepinggan,1,Moderate
2/1/24,65.0,Balikpapan Sepinggan,1,Moderate
2/2/24,45.0,Balikpapan Sepinggan,1,Good
2/3/24,59.0,Balikpapan Sepinggan,1,Moderate
2/4/24,38.0,Balikpapan Sepinggan,1,Good
2/5/24,54.0,Balikpapan Sepinggan,1,Moderate
2/6/24,57.0,Balikpapan Sepinggan,1,Moderate
2/7/24,60.0,Balikpapan Sepinggan,1,Moderate
2/8/24,53.0,Balikpapan Sepinggan,1,Moderate
2/9/24,65.0,Balikpapan Sepinggan,1,Moderate
2/10/24,53.0,Balikpapan Sepinggan,1,Moderate
2/11/24,65.0,Balikpapan Sepinggan,1,Moderate
2/12/24,71.0,Balikpapan Sepinggan,1,Moderate
2/13/24,71.0,Balikpapan Sepinggan,1,Moderate
2/14/24,76.0,Balikpapan Sepinggan,1,Moderate
2/15/24,66.0,Balikpapan Sepinggan,1,Moderate
9/27/23,186.0,Banjar Baru Landasan Ulin,2,Unhealthy
9/28/23,169.0,Banjar Baru Landasan Ulin,2,Unhealthy
9/29/23,196.0,Banjar Baru Landasan Ulin,2,Unhealthy
9/30/23,215.0,Banjar Baru Landasan Ulin,2,Very Unhealthy
10/1/23,125.0,Banjar Baru Landasan Ulin,2,Unhealthy for Sensitive Groups
10/2/23,157.0,Banjar Baru Landasan Ulin,2,Unhealthy
10/3/23,172.0,Banjar Baru Landasan Ulin,2,Unhealthy
10/4/23,180.0,Banjar Baru Landasan Ulin,2,Unhealthy
10/5/23,137.0,Banjar Baru Landasan Ulin,2,Unhealthy for Sensitive Groups
10/6/23,111.0,Banjar Baru Landasan Ulin,2,Unhealthy for Sensitive Groups
10/7/23,106.0,Banjar Baru Landasan Ulin,2,Unhealthy for Sensitive Groups
10/8/23,120.0,Banjar Baru Landasan Ulin,2,Unhealthy for Sensitive Groups
10/9/23,181.0,Banjar Baru Landasan Ulin,2,Unhealthy
10/10/23,152.0,Banjar Baru Landasan Ulin,2,Unhealthy
10/11/23,115.0,Banjar Baru Landasan Ulin,2,Unhealthy for Sensitive Groups
10/12/23,121.0,Banjar Baru Landasan Ulin,2,Unhealthy for Sensitive Groups
10/13/23,182.0,Banjar Baru Landasan Ulin,2,Unhealthy
10/14/23,172.0,Banjar Baru Landasan Ulin,2,Unhealthy
10/15/23,161.0,Banjar Baru Landasan Ulin,2,Unhealthy
10/16/23,152.0,Banjar Baru Landasan Ulin,2,Unhealthy
10/17/23,143.0,Banjar Baru Landasan Ulin,2,Unhealthy for Sensitive Groups
10/18/23,108.0,Banjar Baru Landasan Ulin,2,Unhealthy for Sensitive Groups
10/19/23,138.0,Banjar Baru Landasan Ulin,2,Unhealthy for Sensitive Groups
10/20/23,91.0,Banjar Baru Landasan Ulin,2,Moderate
10/21/23,91.0,Banjar Baru Landasan Ulin,2,Moderate
10/22/23,91.0,Banjar Baru Landasan Ulin,2,Moderate
10/23/23,91.0,Banjar Baru Landasan Ulin,2,Moderate
10/24/23,93.0,Banjar Baru Landasan Ulin,2,Moderate
10/25/23,130.0,Banjar Baru Landasan Ulin,2,Unhealthy for Sensitive Groups
10/26/23,121.0,Banjar Baru Landasan Ulin,2,Unhealthy for Sensitive Groups
10/27/23,121.0,Banjar Baru Landasan Ulin,2,Unhealthy for Sensitive Groups
10/28/23,112.0,Banjar Baru Landasan Ulin,2,Unhealthy for Sensitive Groups
10/29/23,137.0,Banjar Baru Landasan Ulin,2,Unhealthy for Sensitive Groups
10/30/23,172.0,Banjar Baru Landasan Ulin,2,Unhealthy
10/31/23,158.0,Banjar Baru Landasan Ulin,2,Unhealthy
11/6/23,92.0,Banjar Baru Landasan Ulin,2,Moderate
11/7/23,109.0,Banjar Baru Landasan Ulin,2,Unhealthy for Sensitive Groups
11/8/23,81.0,Banjar Baru Landasan Ulin,2,Moderate
11/9/23,88.0,Banjar Baru Landasan Ulin,2,Moderate
11/10/23,94.0,Banjar Baru Landasan Ulin,2,Moderate
11/11/23,78.0,Banjar Baru Landasan Ulin,2,Moderate
11/12/23,117.0,Banjar Baru Landasan Ulin,2,Unhealthy for Sensitive Groups
11/13/23,92.0,Banjar Baru Landasan Ulin,2,Moderate
11/14/23,67.0,Banjar Baru Landasan Ulin,2,Moderate
11/15/23,77.0,Banjar Baru Landasan Ulin,2,Moderate
11/16/23,75.0,Banjar Baru Landasan Ulin,2,Moderate
11/17/23,75.0,Banjar Baru Landasan Ulin,2,Moderate
11/18/23,80.0,Banjar Baru Landasan Ulin,2,Moderate
11/19/23,67.0,Banjar Baru Landasan Ulin,2,Moderate
11/20/23,75.0,Banjar Baru Landasan Ulin,2,Moderate
11/21/23,71.0,Banjar Baru Landasan Ulin,2,Moderate
11/22/23,64.0,Banjar Baru Landasan Ulin,2,Moderate
11/23/23,52.0,Banjar Baru Landasan Ulin,2,Moderate
11/24/23,46.0,Banjar Baru Landasan Ulin,2,Good
11/25/23,115.0,Banjar Baru Landasan Ulin,2,Unhealthy for Sensitive Groups
11/26/23,121.0,Banjar Baru Landasan Ulin,2,Unhealthy for Sensitive Groups
11/27/23,182.0,Banjar Baru Landasan Ulin,2,Unhealthy
11/28/23,172.0,Banjar Baru Landasan Ulin,2,Unhealthy
11/29/23,161.0,Banjar Baru Landasan Ulin,2,Unhealthy
11/30/23,152.0,Banjar Baru Landasan Ulin,2,Unhealthy
12/1/23,143.0,Banjar Baru Landasan Ulin,2,Unhealthy for Sensitive Groups
12/2/23,108.0,Banjar Baru Landasan Ulin,2,Unhealthy for Sensitive Groups
12/3/23,138.0,Banjar Baru Landasan Ulin,2,Unhealthy for Sensitive Groups
12/8/23,91.0,Banjar Baru Landasan Ulin,2,Moderate
12/9/23,91.0,Banjar Baru Landasan Ulin,2,Moderate
12/10/23,91.0,Banjar Baru Landasan Ulin,2,Moderate
12/11/23,91.0,Banjar Baru Landasan Ulin,2,Moderate
12/12/23,93.0,Banjar Baru Landasan Ulin,2,Moderate
12/13/23,130.0,Banjar Baru Landasan Ulin,2,Unhealthy for Sensitive Groups
12/14/23,121.0,Banjar Baru Landasan Ulin,2,Unhealthy for Sensitive Groups
12/15/23,121.0,Banjar Baru Landasan Ulin,2,Unhealthy for Sensitive Groups
12/16/23,112.0,Banjar Baru Landasan Ulin,2,Unhealthy for Sensitive Groups
12/17/23,137.0,Banjar Baru Landasan Ulin,2,Unhealthy for Sensitive Groups
12/18/23,172.0,Banjar Baru Landasan Ulin,2,Unhealthy
12/19/23,158.0,Banjar Baru Landasan Ulin,2,Unhealthy
12/25/23,92.0,Banjar Baru Landasan Ulin,2,Moderate
12/26/23,109.0,Banjar Baru Landasan Ulin,2,Unhealthy for Sensitive Groups
12/27/23,81.0,Banjar Baru Landasan Ulin,2,Moderate
12/28/23,88.0,Banjar Baru Landasan Ulin,2,Moderate
12/29/23,169.0,Banjar Baru Landasan Ulin,2,Unhealthy
12/30/23,196.0,Banjar Baru Landasan Ulin,2,Unhealthy
12/31/23,215.0,Banjar Baru Landasan Ulin,2,Very Unhealthy
1/1/24,125.0,Banjar Baru Landasan Ulin,2,Unhealthy for Sensitive Groups
1/2/24,157.0,Banjar Baru Landasan Ulin,2,Unhealthy
1/3/24,172.0,Banjar Baru Landasan Ulin,2,Unhealthy
1/4/24,180.0,Banjar Baru Landasan Ulin,2,Unhealthy
1/5/24,137.0,Banjar Baru Landasan Ulin,2,Unhealthy for Sensitive Groups
1/7/24,111.0,Banjar Baru Landasan Ulin,2,Unhealthy for Sensitive Groups
1/8/24,106.0,Banjar Baru Landasan Ulin,2,Unhealthy for Sensitive Groups
1/9/24,120.0,Banjar Baru Landasan Ulin,2,Unhealthy for Sensitive Groups
1/10/24,181.0,Banjar Baru Landasan Ulin,2,Unhealthy
1/11/24,152.0,Banjar Baru Landasan Ulin,2,Unhealthy
1/12/24,115.0,Banjar Baru Landasan Ulin,2,Unhealthy for Sensitive Groups
1/13/24,121.0,Banjar Baru Landasan Ulin,2,Unhealthy for Sensitive Groups
1/14/24,182.0,Banjar Baru Landasan Ulin,2,Unhealthy
1/29/24,172.0,Banjar Baru Landasan Ulin,2,Unhealthy
1/30/24,161.0,Banjar Baru Landasan Ulin,2,Unhealthy
1/31/24,152.0,Banjar Baru Landasan Ulin,2,Unhealthy
2/1/24,143.0,Banjar Baru Landasan Ulin,2,Unhealthy for Sensitive Groups
2/2/24,108.0,Banjar Baru Landasan Ulin,2,Unhealthy for Sensitive Groups
2/3/24,138.0,Banjar Baru Landasan Ulin,2,Unhealthy for Sensitive Groups
2/4/24,91.0,Banjar Baru Landasan Ulin,2,Moderate
2/5/24,91.0,Banjar Baru Landasan Ulin,2,Moderate
2/6/24,91.0,Banjar Baru Landasan Ulin,2,Moderate
2/7/24,91.0,Banjar Baru Landasan Ulin,2,Moderate
2/8/24,93.0,Banjar Baru Landasan Ulin,2,Moderate
2/9/24,130.0,Banjar Baru Landasan Ulin,2,Unhealthy for Sensitive Groups
2/10/24,121.0,Banjar Baru Landasan Ulin,2,Unhealthy for Sensitive Groups
2/11/24,121.0,Banjar Baru Landasan Ulin,2,Unhealthy for Sensitive Groups
2/12/24,112.0,Banjar Baru Landasan Ulin,2,Unhealthy for Sensitive Groups
2/13/24,137.0,Banjar Baru Landasan Ulin,2,Unhealthy for Sensitive Groups
2/14/24,172.0,Banjar Baru Landasan Ulin,2,Unhealthy
2/15/24,158.0,Banjar Baru Landasan Ulin,2,Unhealthy
9/27/23,191.0,Banjarmasin Kayu Tangi,3,Unhealthy
9/28/23,189.0,Banjarmasin Kayu Tangi,3,Unhealthy
9/29/23,166.0,Banjarmasin Kayu Tangi,3,Unhealthy
9/30/23,166.0,Banjarmasin Kayu Tangi,3,Unhealthy
10/1/23,197.0,Banjarmasin Kayu Tangi,3,Unhealthy
10/2/23,183.0,Banjarmasin Kayu Tangi,3,Unhealthy
10/3/23,247.0,Banjarmasin Kayu Tangi,3,Very Unhealthy
10/4/23,209.0,Banjarmasin Kayu Tangi,3,Very Unhealthy
10/5/23,131.0,Banjarmasin Kayu Tangi,3,Unhealthy for Sensitive Groups
10/6/23,154.0,Banjarmasin Kayu Tangi,3,Unhealthy
10/7/23,153.0,Banjarmasin Kayu Tangi,3,Unhealthy
10/8/23,180.0,Banjarmasin Kayu Tangi,3,Unhealthy
10/9/23,163.0,Banjarmasin Kayu Tangi,3,Unhealthy
10/10/23,102.0,Banjarmasin Kayu Tangi,3,Unhealthy for Sensitive Groups
10/11/23,153.0,Banjarmasin Kayu Tangi,3,Unhealthy
10/12/23,167.0,Banjarmasin Kayu Tangi,3,Unhealthy
10/13/23,157.0,Banjarmasin Kayu Tangi,3,Unhealthy
10/14/23,129.0,Banjarmasin Kayu Tangi,3,Unhealthy for Sensitive Groups
10/15/23,115.0,Banjarmasin Kayu Tangi,3,Unhealthy for Sensitive Groups
10/16/23,71.0,Banjarmasin Kayu Tangi,3,Moderate
10/17/23,66.0,Banjarmasin Kayu Tangi,3,Moderate
10/18/23,68.0,Banjarmasin Kayu Tangi,3,Moderate
10/19/23,64.0,Banjarmasin Kayu Tangi,3,Moderate
10/20/23,49.0,Banjarmasin Kayu Tangi,3,Good
10/21/23,78.0,Banjarmasin Kayu Tangi,3,Moderate
10/22/23,71.0,Banjarmasin Kayu Tangi,3,Moderate
10/23/23,58.0,Banjarmasin Kayu Tangi,3,Moderate
10/24/23,55.0,Banjarmasin Kayu Tangi,3,Moderate
10/25/23,66.0,Banjarmasin Kayu Tangi,3,Moderate
10/26/23,66.0,Banjarmasin Kayu Tangi,3,Moderate
10/27/23,69.0,Banjarmasin Kayu Tangi,3,Moderate
10/28/23,82.0,Banjarmasin Kayu Tangi,3,Moderate
10/29/23,93.0,Banjarmasin Kayu Tangi,3,Moderate
10/30/23,89.0,Banjarmasin Kayu Tangi,3,Moderate
10/31/23,92.0,Banjarmasin Kayu Tangi,3,Moderate
11/1/23,152.0,Banjarmasin Kayu Tangi,3,Unhealthy
11/2/23,106.0,Banjarmasin Kayu Tangi,3,Unhealthy for Sensitive Groups
11/3/23,97.0,Banjarmasin Kayu Tangi,3,Moderate
11/4/23,88.0,Banjarmasin Kayu Tangi,3,Moderate
11/5/23,75.0,Banjarmasin Kayu Tangi,3,Moderate
11/6/23,61.0,Banjarmasin Kayu Tangi,3,Moderate
11/7/23,74.0,Banjarmasin Kayu Tangi,3,Moderate
11/8/23,63.0,Banjarmasin Kayu Tangi,3,Moderate
11/9/23,66.0,Banjarmasin Kayu Tangi,3,Moderate
11/10/23,87.0,Banjarmasin Kayu Tangi,3,Moderate
11/11/23,77.0,Banjarmasin Kayu Tangi,3,Moderate
11/12/23,96.0,Banjarmasin Kayu Tangi,3,Moderate
11/13/23,64.0,Banjarmasin Kayu Tangi,3,Moderate
11/14/23,70.0,Banjarmasin Kayu Tangi,3,Moderate
11/15/23,66.0,Banjarmasin Kayu Tangi,3,Moderate
11/16/23,64.0,Banjarmasin Kayu Tangi,3,Moderate
11/17/23,55.0,Banjarmasin Kayu Tangi,3,Moderate
11/18/23,58.0,Banjarmasin Kayu Tangi,3,Moderate
11/19/23,59.0,Banjarmasin Kayu Tangi,3,Moderate
11/20/23,70.0,Banjarmasin Kayu Tangi,3,Moderate
11/21/23,69.0,Banjarmasin Kayu Tangi,3,Moderate
11/22/23,62.0,Banjarmasin Kayu Tangi,3,Moderate
11/23/23,56.0,Banjarmasin Kayu Tangi,3,Moderate
11/24/23,43.0,Banjarmasin Kayu Tangi,3,Good
11/25/23,153.0,Banjarmasin Kayu Tangi,3,Unhealthy
11/26/23,167.0,Banjarmasin Kayu Tangi,3,Unhealthy
11/27/23,157.0,Banjarmasin Kayu Tangi,3,Unhealthy
11/28/23,129.0,Banjarmasin Kayu Tangi,3,Unhealthy for Sensitive Groups
11/29/23,115.0,Banjarmasin Kayu Tangi,3,Unhealthy for Sensitive Groups
11/30/23,71.0,Banjarmasin Kayu Tangi,3,Moderate
12/1/23,66.0,Banjarmasin Kayu Tangi,3,Moderate
12/2/23,68.0,Banjarmasin Kayu Tangi,3,Moderate
12/3/23,64.0,Banjarmasin Kayu Tangi,3,Moderate
12/8/23,49.0,Banjarmasin Kayu Tangi,3,Good
12/9/23,78.0,Banjarmasin Kayu Tangi,3,Moderate
12/10/23,71.0,Banjarmasin Kayu Tangi,3,Moderate
12/11/23,58.0,Banjarmasin Kayu Tangi,3,Moderate
12/12/23,55.0,Banjarmasin Kayu Tangi,3,Moderate
12/13/23,66.0,Banjarmasin Kayu Tangi,3,Moderate
12/14/23,66.0,Banjarmasin Kayu Tangi,3,Moderate
12/15/23,69.0,Banjarmasin Kayu Tangi,3,Moderate
12/16/23,82.0,Banjarmasin Kayu Tangi,3,Moderate
12/17/23,93.0,Banjarmasin Kayu Tangi,3,Moderate
12/18/23,89.0,Banjarmasin Kayu Tangi,3,Moderate
12/19/23,92.0,Banjarmasin Kayu Tangi,3,Moderate
12/20/23,152.0,Banjarmasin Kayu Tangi,3,Unhealthy
12/21/23,106.0,Banjarmasin Kayu Tangi,3,Unhealthy for Sensitive Groups
12/22/23,97.0,Banjarmasin Kayu Tangi,3,Moderate
12/23/23,88.0,Banjarmasin Kayu Tangi,3,Moderate
12/24/23,75.0,Banjarmasin Kayu Tangi,3,Moderate
12/25/23,61.0,Banjarmasin Kayu Tangi,3,Moderate
12/26/23,74.0,Banjarmasin Kayu Tangi,3,Moderate
12/27/23,63.0,Banjarmasin Kayu Tangi,3,Moderate
12/28/23,66.0,Banjarmasin Kayu Tangi,3,Moderate
12/29/23,189.0,Banjarmasin Kayu Tangi,3,Unhealthy
12/30/23,166.0,Banjarmasin Kayu Tangi,3,Unhealthy
12/31/23,166.0,Banjarmasin Kayu Tangi,3,Unhealthy
1/1/24,197.0,Banjarmasin Kayu Tangi,3,Unhealthy
1/2/24,183.0,Banjarmasin Kayu Tangi,3,Unhealthy
1/3/24,247.0,Banjarmasin Kayu Tangi,3,Very Unhealthy
1/4/24,209.0,Banjarmasin Kayu Tangi,3,Very Unhealthy
1/5/24,131.0,Banjarmasin Kayu Tangi,3,Unhealthy for Sensitive Groups
1/7/24,154.0,Banjarmasin Kayu Tangi,3,Unhealthy
1/8/24,153.0,Banjarmasin Kayu Tangi,3,Unhealthy
1/9/24,180.0,Banjarmasin Kayu Tangi,3,Unhealthy
1/10/24,163.0,Banjarmasin Kayu Tangi,3,Unhealthy
1/11/24,102.0,Banjarmasin Kayu Tangi,3,Unhealthy for Sensitive Groups
1/12/24,153.0,Banjarmasin Kayu Tangi,3,Unhealthy
1/13/24,167.0,Banjarmasin Kayu Tangi,3,Unhealthy
1/14/24,157.0,Banjarmasin Kayu Tangi,3,Unhealthy
1/29/24,129.0,Banjarmasin Kayu Tangi,3,Unhealthy for Sensitive Groups
1/30/24,115.0,Banjarmasin Kayu Tangi,3,Unhealthy for Sensitive Groups
1/31/24,71.0,Banjarmasin Kayu Tangi,3,Moderate
2/1/24,66.0,Banjarmasin Kayu Tangi,3,Moderate
2/2/24,68.0,Banjarmasin Kayu Tangi,3,Moderate
2/3/24,64.0,Banjarmasin Kayu Tangi,3,Moderate
2/4/24,49.0,Banjarmasin Kayu Tangi,3,Good
2/5/24,78.0,Banjarmasin Kayu Tangi,3,Moderate
2/6/24,71.0,Banjarmasin Kayu Tangi,3,Moderate
2/7/24,58.0,Banjarmasin Kayu Tangi,3,Moderate
2/8/24,55.0,Banjarmasin Kayu Tangi,3,Moderate
2/9/24,66.0,Banjarmasin Kayu Tangi,3,Moderate
2/10/24,66.0,Banjarmasin Kayu Tangi,3,Moderate
2/11/24,69.0,Banjarmasin Kayu Tangi,3,Moderate
2/12/24,82.0,Banjarmasin Kayu Tangi,3,Moderate
2/13/24,93.0,Banjarmasin Kayu Tangi,3,Moderate
2/14/24,89.0,Banjarmasin Kayu Tangi,3,Moderate
2/15/24,92.0,Banjarmasin Kayu Tangi,3,Moderate
9/27/23,173.0,Kabupaten Barito Selatan Sanggu,4,Unhealthy
9/28/23,181.0,Kabupaten Barito Selatan Sanggu,4,Unhealthy
9/29/23,267.0,Kabupaten Barito Selatan Sanggu,4,Very Unhealthy
9/30/23,282.0,Kabupaten Barito Selatan Sanggu,4,Very Unhealthy
10/1/23,282.0,Kabupaten Barito Selatan Sanggu,4,Very Unhealthy
10/2/23,337.0,Kabupaten Barito Selatan Sanggu,4,Hazardous
10/3/23,332.0,Kabupaten Barito Selatan Sanggu,4,Hazardous
10/4/23,272.0,Kabupaten Barito Selatan Sanggu,4,Very Unhealthy
10/5/23,181.0,Kabupaten Barito Selatan Sanggu,4,Unhealthy
10/6/23,167.0,Kabupaten Barito Selatan Sanggu,4,Unhealthy
10/7/23,156.0,Kabupaten Barito Selatan Sanggu,4,Unhealthy
10/8/23,120.0,Kabupaten Barito Selatan Sanggu,4,Unhealthy for Sensitive Groups
10/9/23,61.0,Kabupaten Barito Selatan Sanggu,4,Moderate
10/10/23,83.0,Kabupaten Barito Selatan Sanggu,4,Moderate
10/11/23,137.0,Kabupaten Barito Selatan Sanggu,4,Unhealthy for Sensitive Groups
10/12/23,128.0,Kabupaten Barito Selatan Sanggu,4,Unhealthy for Sensitive Groups
10/13/23,203.0,Kabupaten Barito Selatan Sanggu,4,Very Unhealthy
10/14/23,182.0,Kabupaten Barito Selatan Sanggu,4,Unhealthy
10/15/23,126.0,Kabupaten Barito Selatan Sanggu,4,Unhealthy for Sensitive Groups
10/16/23,55.0,Kabupaten Barito Selatan Sanggu,4,Moderate
10/17/23,42.0,Kabupaten Barito Selatan Sanggu,4,Good
10/18/23,52.0,Kabupaten Barito Selatan Sanggu,4,Moderate
10/19/23,84.0,Kabupaten Barito Selatan Sanggu,4,Moderate
10/20/23,56.0,Kabupaten Barito Selatan Sanggu,4,Moderate
10/21/23,46.0,Kabupaten Barito Selatan Sanggu,4,Good
10/22/23,41.0,Kabupaten Barito Selatan Sanggu,4,Good
10/23/23,36.0,Kabupaten Barito Selatan Sanggu,4,Good
10/24/23,16.0,Kabupaten Barito Selatan Sanggu,4,Good
10/25/23,22.0,Kabupaten Barito Selatan Sanggu,4,Good
10/26/23,21.0,Kabupaten Barito Selatan Sanggu,4,Good
10/28/23,56.0,Kabupaten Barito Selatan Sanggu,4,Moderate
10/29/23,61.0,Kabupaten Barito Selatan Sanggu,4,Moderate
10/30/23,72.0,Kabupaten Barito Selatan Sanggu,4,Moderate
10/31/23,142.0,Kabupaten Barito Selatan Sanggu,4,Unhealthy for Sensitive Groups
11/1/23,91.0,Kabupaten Barito Selatan Sanggu,4,Moderate
11/4/23,25.0,Kabupaten Barito Selatan Sanggu,4,Good
11/5/23,23.0,Kabupaten Barito Selatan Sanggu,4,Good
11/6/23,70.0,Kabupaten Barito Selatan Sanggu,4,Moderate
11/7/23,30.0,Kabupaten Barito Selatan Sanggu,4,Good
11/8/23,40.0,Kabupaten Barito Selatan Sanggu,4,Good
11/10/23,59.0,Kabupaten Barito Selatan Sanggu,4,Moderate
11/11/23,90.0,Kabupaten Barito Selatan Sanggu,4,Moderate
11/12/23,58.0,Kabupaten Barito Selatan Sanggu,4,Moderate
11/13/23,26.0,Kabupaten Barito Selatan Sanggu,4,Good
11/14/23,32.0,Kabupaten Barito Selatan Sanggu,4,Good
11/15/23,43.0,Kabupaten Barito Selatan Sanggu,4,Good
11/16/23,24.0,Kabupaten Barito Selatan Sanggu,4,Good
11/17/23,21.0,Kabupaten Barito Selatan Sanggu,4,Good
11/18/23,14.0,Kabupaten Barito Selatan Sanggu,4,Good
11/19/23,25.0,Kabupaten Barito Selatan Sanggu,4,Good
11/20/23,29.0,Kabupaten Barito Selatan Sanggu,4,Good
11/21/23,45.0,Kabupaten Barito Selatan Sanggu,4,Good
11/22/23,40.0,Kabupaten Barito Selatan Sanggu,4,Good
11/24/23,16.0,Kabupaten Barito Selatan Sanggu,4,Good
11/25/23,137.0,Kabupaten Barito Selatan Sanggu,4,Unhealthy for Sensitive Groups
11/26/23,128.0,Kabupaten Barito Selatan Sanggu,4,Unhealthy for Sensitive Groups
11/27/23,203.0,Kabupaten Barito Selatan Sanggu,4,Very Unhealthy
11/28/23,182.0,Kabupaten Barito Selatan Sanggu,4,Unhealthy
11/29/23,126.0,Kabupaten Barito Selatan Sanggu,4,Unhealthy for Sensitive Groups
11/30/23,55.0,Kabupaten Barito Selatan Sanggu,4,Moderate
12/1/23,42.0,Kabupaten Barito Selatan Sanggu,4,Good
12/2/23,52.0,Kabupaten Barito Selatan Sanggu,4,Moderate
12/3/23,84.0,Kabupaten Barito Selatan Sanggu,4,Moderate
12/8/23,56.0,Kabupaten Barito Selatan Sanggu,4,Moderate
12/9/23,46.0,Kabupaten Barito Selatan Sanggu,4,Good
12/10/23,41.0,Kabupaten Barito Selatan Sanggu,4,Good
12/11/23,36.0,Kabupaten Barito Selatan Sanggu,4,Good
12/12/23,16.0,Kabupaten Barito Selatan Sanggu,4,Good
12/13/23,22.0,Kabupaten Barito Selatan Sanggu,4,Good
12/14/23,21.0,Kabupaten Barito Selatan Sanggu,4,Good
12/16/23,56.0,Kabupaten Barito Selatan Sanggu,4,Moderate
12/17/23,61.0,Kabupaten Barito Selatan Sanggu,4,Moderate
12/18/23,72.0,Kabupaten Barito Selatan Sanggu,4,Moderate
12/19/23,142.0,Kabupaten Barito Selatan Sanggu,4,Unhealthy for Sensitive Groups
12/20/23,91.0,Kabupaten Barito Selatan Sanggu,4,Moderate
12/23/23,25.0,Kabupaten Barito Selatan Sanggu,4,Good
12/24/23,23.0,Kabupaten Barito Selatan Sanggu,4,Good
12/25/23,70.0,Kabupaten Barito Selatan Sanggu,4,Moderate
12/26/23,30.0,Kabupaten Barito Selatan Sanggu,4,Good
12/27/23,40.0,Kabupaten Barito Selatan Sanggu,4,Good
12/29/23,181.0,Kabupaten Barito Selatan Sanggu,4,Unhealthy
12/30/23,267.0,Kabupaten Barito Selatan Sanggu,4,Very Unhealthy
12/31/23,282.0,Kabupaten Barito Selatan Sanggu,4,Very Unhealthy
1/1/24,282.0,Kabupaten Barito Selatan Sanggu,4,Very Unhealthy
1/2/24,337.0,Kabupaten Barito Selatan Sanggu,4,Hazardous
1/3/24,332.0,Kabupaten Barito Selatan Sanggu,4,Hazardous
1/4/24,272.0,Kabupaten Barito Selatan Sanggu,4,Very Unhealthy
1/5/24,181.0,Kabupaten Barito Selatan Sanggu,4,Unhealthy
1/7/24,167.0,Kabupaten Barito Selatan Sanggu,4,Unhealthy
1/8/24,156.0,Kabupaten Barito Selatan Sanggu,4,Unhealthy
1/9/24,120.0,Kabupaten Barito Selatan Sanggu,4,Unhealthy for Sensitive Groups
1/10/24,61.0,Kabupaten Barito Selatan Sanggu,4,Moderate
1/11/24,83.0,Kabupaten Barito Selatan Sanggu,4,Moderate
1/12/24,137.0,Kabupaten Barito Selatan Sanggu,4,Unhealthy for Sensitive Groups
1/13/24,128.0,Kabupaten Barito Selatan Sanggu,4,Unhealthy for Sensitive Groups
1/14/24,203.0,Kabupaten Barito Selatan Sanggu,4,Very Unhealthy
1/29/24,182.0,Kabupaten Barito Selatan Sanggu,4,Unhealthy
1/30/24,126.0,Kabupaten Barito Selatan Sanggu,4,Unhealthy for Sensitive Groups
1/31/24,55.0,Kabupaten Barito Selatan Sanggu,4,Moderate
2/1/24,42.0,Kabupaten Barito Selatan Sanggu,4,Good
2/2/24,52.0,Kabupaten Barito Selatan Sanggu,4,Moderate
2/3/24,84.0,Kabupaten Barito Selatan Sanggu,4,Moderate
2/4/24,56.0,Kabupaten Barito Selatan Sanggu,4,Moderate
2/5/24,46.0,Kabupaten Barito Selatan Sanggu,4,Good
2/6/24,41.0,Kabupaten Barito Selatan Sanggu,4,Good
2/7/24,36.0,Kabupaten Barito Selatan Sanggu,4,Good
2/8/24,16.0,Kabupaten Barito Selatan Sanggu,4,Good
2/9/24,22.0,Kabupaten Barito Selatan Sanggu,4,Good
2/10/24,21.0,Kabupaten Barito Selatan Sanggu,4,Good
2/12/24,56.0,Kabupaten Barito Selatan Sanggu,4,Moderate
2/13/24,61.0,Kabupaten Barito Selatan Sanggu,4,Moderate
2/14/24,72.0,Kabupaten Barito Selatan Sanggu,4,Moderate
2/15/24,142.0,Kabupaten Barito Selatan Sanggu,4,Unhealthy for Sensitive Groups
9/27/23,77.0,Kabupaten Kotawaringin Timur,5,Moderate
9/28/23,175.0,Kabupaten Kotawaringin Timur,5,Unhealthy
9/29/23,148.0,Kabupaten Kotawaringin Timur,5,Unhealthy for Sensitive Groups
9/30/23,178.0,Kabupaten Kotawaringin Timur,5,Unhealthy
10/1/23,325.0,Kabupaten Kotawaringin Timur,5,Hazardous
10/2/23,500.0,Kabupaten Kotawaringin Timur,5,Hazardous
10/3/23,500.0,Kabupaten Kotawaringin Timur,5,Hazardous
10/4/23,290.0,Kabupaten Kotawaringin Timur,5,Very Unhealthy
10/5/23,241.0,Kabupaten Kotawaringin Timur,5,Very Unhealthy
10/6/23,301.0,Kabupaten Kotawaringin Timur,5,Hazardous
10/7/23,179.0,Kabupaten Kotawaringin Timur,5,Unhealthy
10/8/23,189.0,Kabupaten Kotawaringin Timur,5,Unhealthy
10/9/23,159.0,Kabupaten Kotawaringin Timur,5,Unhealthy
10/10/23,136.0,Kabupaten Kotawaringin Timur,5,Unhealthy for Sensitive Groups
10/11/23,119.0,Kabupaten Kotawaringin Timur,5,Unhealthy for Sensitive Groups
10/12/23,184.0,Kabupaten Kotawaringin Timur,5,Unhealthy
10/13/23,202.0,Kabupaten Kotawaringin Timur,5,Very Unhealthy
10/14/23,160.0,Kabupaten Kotawaringin Timur,5,Unhealthy
10/15/23,173.0,Kabupaten Kotawaringin Timur,5,Unhealthy
10/16/23,171.0,Kabupaten Kotawaringin Timur,5,Unhealthy
10/17/23,172.0,Kabupaten Kotawaringin Timur,5,Unhealthy
10/18/23,154.0,Kabupaten Kotawaringin Timur,5,Unhealthy
10/19/23,78.0,Kabupaten Kotawaringin Timur,5,Moderate
10/20/23,59.0,Kabupaten Kotawaringin Timur,5,Moderate
10/21/23,59.0,Kabupaten Kotawaringin Timur,5,Moderate
10/22/23,87.0,Kabupaten Kotawaringin Timur,5,Moderate
10/23/23,62.0,Kabupaten Kotawaringin Timur,5,Moderate
10/24/23,54.0,Kabupaten Kotawaringin Timur,5,Moderate
10/25/23,42.0,Kabupaten Kotawaringin Timur,5,Good
10/26/23,56.0,Kabupaten Kotawaringin Timur,5,Moderate
10/27/23,80.0,Kabupaten Kotawaringin Timur,5,Moderate
10/28/23,82.0,Kabupaten Kotawaringin Timur,5,Moderate
10/29/23,88.0,Kabupaten Kotawaringin Timur,5,Moderate
10/30/23,157.0,Kabupaten Kotawaringin Timur,5,Unhealthy
10/31/23,108.0,Kabupaten Kotawaringin Timur,5,Unhealthy for Sensitive Groups
11/1/23,108.0,Kabupaten Kotawaringin Timur,5,Unhealthy for Sensitive Groups
11/2/23,105.0,Kabupaten Kotawaringin Timur,5,Unhealthy for Sensitive Groups
11/3/23,90.0,Kabupaten Kotawaringin Timur,5,Moderate
11/4/23,57.0,Kabupaten Kotawaringin Timur,5,Moderate
11/5/23,53.0,Kabupaten Kotawaringin Timur,5,Moderate
11/6/23,61.0,Kabupaten Kotawaringin Timur,5,Moderate
11/7/23,55.0,Kabupaten Kotawaringin Timur,5,Moderate
11/8/23,61.0,Kabupaten Kotawaringin Timur,5,Moderate
11/9/23,52.0,Kabupaten Kotawaringin Timur,5,Moderate
11/10/23,54.0,Kabupaten Kotawaringin Timur,5,Moderate
11/11/23,68.0,Kabupaten Kotawaringin Timur,5,Moderate
11/12/23,45.0,Kabupaten Kotawaringin Timur,5,Good
11/13/23,49.0,Kabupaten Kotawaringin Timur,5,Good
11/14/23,58.0,Kabupaten Kotawaringin Timur,5,Moderate
11/15/23,55.0,Kabupaten Kotawaringin Timur,5,Moderate
11/16/23,42.0,Kabupaten Kotawaringin Timur,5,Good
11/17/23,33.0,Kabupaten Kotawaringin Timur,5,Good
11/18/23,28.0,Kabupaten Kotawaringin Timur,5,Good
11/19/23,43.0,Kabupaten Kotawaringin Timur,5,Good
11/20/23,54.0,Kabupaten Kotawaringin Timur,5,Moderate
11/21/23,59.0,Kabupaten Kotawaringin Timur,5,Moderate
11/22/23,50.0,Kabupaten Kotawaringin Timur,5,Good
11/23/23,33.0,Kabupaten Kotawaringin Timur,5,Good
11/24/23,55.0,Kabupaten Kotawaringin Timur,5,Moderate
11/25/23,19.0,Kabupaten Kotawaringin Timur,5,Good
11/26/23,14.0,Kabupaten Kotawaringin Timur,5,Good
11/27/23,13.0,Kabupaten Kotawaringin Timur,5,Good
11/28/23,18.0,Kabupaten Kotawaringin Timur,5,Good
11/29/23,24.0,Kabupaten Kotawaringin Timur,5,Good
11/30/23,30.0,Kabupaten Kotawaringin Timur,5,Good
12/1/23,19.0,Kabupaten Kotawaringin Timur,5,Good
12/2/23,25.0,Kabupaten Kotawaringin Timur,5,Good
12/3/23,40.0,Kabupaten Kotawaringin Timur,5,Good
12/8/23,22.0,Kabupaten Kotawaringin Timur,5,Good
12/9/23,23.0,Kabupaten Kotawaringin Timur,5,Good
12/10/23,22.0,Kabupaten Kotawaringin Timur,5,Good
12/11/23,34.0,Kabupaten Kotawaringin Timur,5,Good
12/12/23,52.0,Kabupaten Kotawaringin Timur,5,Moderate
12/13/23,52.0,Kabupaten Kotawaringin Timur,5,Moderate
12/14/23,60.0,Kabupaten Kotawaringin Timur,5,Moderate
12/15/23,61.0,Kabupaten Kotawaringin Timur,5,Moderate
12/16/23,58.0,Kabupaten Kotawaringin Timur,5,Moderate
12/17/23,61.0,Kabupaten Kotawaringin Timur,5,Moderate
12/18/23,53.0,Kabupaten Kotawaringin Timur,5,Moderate
12/19/23,55.0,Kabupaten Kotawaringin Timur,5,Moderate
12/20/23,55.0,Kabupaten Kotawaringin Timur,5,Moderate
12/21/23,59.0,Kabupaten Kotawaringin Timur,5,Moderate
12/22/23,63.0,Kabupaten Kotawaringin Timur,5,Moderate
12/23/23,59.0,Kabupaten Kotawaringin Timur,5,Moderate
12/24/23,52.0,Kabupaten Kotawaringin Timur,5,Moderate
12/25/23,22.0,Kabupaten Kotawaringin Timur,5,Good
12/26/23,22.0,Kabupaten Kotawaringin Timur,5,Good
12/27/23,24.0,Kabupaten Kotawaringin Timur,5,Good
12/28/23,28.0,Kabupaten Kotawaringin Timur,5,Good
12/29/23,175.0,Kabupaten Kotawaringin Timur,5,Unhealthy
12/30/23,148.0,Kabupaten Kotawaringin Timur,5,Unhealthy for Sensitive Groups
12/31/23,178.0,Kabupaten Kotawaringin Timur,5,Unhealthy
1/1/24,325.0,Kabupaten Kotawaringin Timur,5,Hazardous
1/2/24,500.0,Kabupaten Kotawaringin Timur,5,Hazardous
1/3/24,500.0,Kabupaten Kotawaringin Timur,5,Hazardous
1/4/24,290.0,Kabupaten Kotawaringin Timur,5,Very Unhealthy
1/5/24,241.0,Kabupaten Kotawaringin Timur,5,Very Unhealthy
1/7/24,301.0,Kabupaten Kotawaringin Timur,5,Hazardous
1/8/24,179.0,Kabupaten Kotawaringin Timur,5,Unhealthy
1/9/24,189.0,Kabupaten Kotawaringin Timur,5,Unhealthy
1/10/24,159.0,Kabupaten Kotawaringin Timur,5,Unhealthy
1/11/24,136.0,Kabupaten Kotawaringin Timur,5,Unhealthy for Sensitive Groups
1/12/24,119.0,Kabupaten Kotawaringin Timur,5,Unhealthy for Sensitive Groups
1/13/24,184.0,Kabupaten Kotawaringin Timur,5,Unhealthy
1/14/24,202.0,Kabupaten Kotawaringin Timur,5,Very Unhealthy
1/29/24,160.0,Kabupaten Kotawaringin Timur,5,Unhealthy
1/30/24,173.0,Kabupaten Kotawaringin Timur,5,Unhealthy
1/31/24,171.0,Kabupaten Kotawaringin Timur,5,Unhealthy
2/1/24,172.0,Kabupaten Kotawaringin Timur,5,Unhealthy
2/2/24,154.0,Kabupaten Kotawaringin Timur,5,Unhealthy
2/3/24,78.0,Kabupaten Kotawaringin Timur,5,Moderate
2/4/24,59.0,Kabupaten Kotawaringin Timur,5,Moderate
2/5/24,59.0,Kabupaten Kotawaringin Timur,5,Moderate
2/6/24,87.0,Kabupaten Kotawaringin Timur,5,Moderate
2/7/24,62.0,Kabupaten Kotawaringin Timur,5,Moderate
2/8/24,54.0,Kabupaten Kotawaringin Timur,5,Moderate
2/9/24,42.0,Kabupaten Kotawaringin Timur,5,Good
2/10/24,56.0,Kabupaten Kotawaringin Timur,5,Moderate
2/11/24,80.0,Kabupaten Kotawaringin Timur,5,Moderate
2/12/24,82.0,Kabupaten Kotawaringin Timur,5,Moderate
2/13/24,88.0,Kabupaten Kotawaringin Timur,5,Moderate
2/14/24,157.0,Kabupaten Kotawaringin Timur,5,Unhealthy
2/15/24,108.0,Kabupaten Kotawaringin Timur,5,Unhealthy for Sensitive Groups
9/29/23,78.0,Kabupaten Sanggau Kapuas,6,Moderate
9/30/23,70.0,Kabupaten Sanggau Kapuas,6,Moderate
10/1/23,93.0,Kabupaten Sanggau Kapuas,6,Moderate
10/2/23,106.0,Kabupaten Sanggau Kapuas,6,Unhealthy for Sensitive Groups
10/3/23,121.0,Kabupaten Sanggau Kapuas,6,Unhealthy for Sensitive Groups
10/4/23,132.0,Kabupaten Sanggau Kapuas,6,Unhealthy for Sensitive Groups
10/5/23,133.0,Kabupaten Sanggau Kapuas,6,Unhealthy for Sensitive Groups
10/6/23,143.0,Kabupaten Sanggau Kapuas,6,Unhealthy for Sensitive Groups
10/7/23,152.0,Kabupaten Sanggau Kapuas,6,Unhealthy
10/8/23,71.0,Kabupaten Sanggau Kapuas,6,Moderate
10/9/23,33.0,Kabupaten Sanggau Kapuas,6,Good
10/10/23,38.0,Kabupaten Sanggau Kapuas,6,Good
10/11/23,60.0,Kabupaten Sanggau Kapuas,6,Moderate
10/12/23,64.0,Kabupaten Sanggau Kapuas,6,Moderate
10/13/23,78.0,Kabupaten Sanggau Kapuas,6,Moderate
10/14/23,63.0,Kabupaten Sanggau Kapuas,6,Moderate
10/15/23,39.0,Kabupaten Sanggau Kapuas,6,Good
10/16/23,66.0,Kabupaten Sanggau Kapuas,6,Moderate
10/17/23,78.0,Kabupaten Sanggau Kapuas,6,Moderate
10/18/23,52.0,Kabupaten Sanggau Kapuas,6,Moderate
10/19/23,38.0,Kabupaten Sanggau Kapuas,6,Good
10/20/23,49.0,Kabupaten Sanggau Kapuas,6,Good
10/21/23,44.0,Kabupaten Sanggau Kapuas,6,Good
10/22/23,32.0,Kabupaten Sanggau Kapuas,6,Good
10/23/23,25.0,Kabupaten Sanggau Kapuas,6,Good
10/24/23,20.0,Kabupaten Sanggau Kapuas,6,Good
10/26/23,32.0,Kabupaten Sanggau Kapuas,6,Good
10/27/23,38.0,Kabupaten Sanggau Kapuas,6,Good
10/28/23,39.0,Kabupaten Sanggau Kapuas,6,Good
10/29/23,33.0,Kabupaten Sanggau Kapuas,6,Good
10/30/23,24.0,Kabupaten Sanggau Kapuas,6,Good
10/31/23,31.0,Kabupaten Sanggau Kapuas,6,Good
11/1/23,54.0,Kabupaten Sanggau Kapuas,6,Moderate
11/2/23,61.0,Kabupaten Sanggau Kapuas,6,Moderate
11/3/23,43.0,Kabupaten Sanggau Kapuas,6,Good
11/4/23,29.0,Kabupaten Sanggau Kapuas,6,Good
11/5/23,52.0,Kabupaten Sanggau Kapuas,6,Moderate
11/6/23,29.0,Kabupaten Sanggau Kapuas,6,Good
11/7/23,18.0,Kabupaten Sanggau Kapuas,6,Good
11/8/23,28.0,Kabupaten Sanggau Kapuas,6,Good
11/9/23,31.0,Kabupaten Sanggau Kapuas,6,Good
11/10/23,48.0,Kabupaten Sanggau Kapuas,6,Good
11/11/23,27.0,Kabupaten Sanggau Kapuas,6,Good
11/12/23,22.0,Kabupaten Sanggau Kapuas,6,Good
11/13/23,23.0,Kabupaten Sanggau Kapuas,6,Good
11/14/23,41.0,Kabupaten Sanggau Kapuas,6,Good
11/15/23,31.0,Kabupaten Sanggau Kapuas,6,Good
11/16/23,22.0,Kabupaten Sanggau Kapuas,6,Good
11/17/23,20.0,Kabupaten Sanggau Kapuas,6,Good
11/18/23,19.0,Kabupaten Sanggau Kapuas,6,Good
11/19/23,47.0,Kabupaten Sanggau Kapuas,6,Good
11/20/23,52.0,Kabupaten Sanggau Kapuas,6,Moderate
11/21/23,52.0,Kabupaten Sanggau Kapuas,6,Moderate
11/22/23,46.0,Kabupaten Sanggau Kapuas,6,Good
11/23/23,52.0,Kabupaten Sanggau Kapuas,6,Moderate
11/24/23,46.0,Kabupaten Sanggau Kapuas,6,Good
11/25/23,115.0,Kabupaten Sanggau Kapuas,6,Unhealthy for Sensitive Groups
11/26/23,121.0,Kabupaten Sanggau Kapuas,6,Unhealthy for Sensitive Groups
11/27/23,182.0,Kabupaten Sanggau Kapuas,6,Unhealthy
11/28/23,172.0,Kabupaten Sanggau Kapuas,6,Unhealthy
11/29/23,161.0,Kabupaten Sanggau Kapuas,6,Unhealthy
11/30/23,152.0,Kabupaten Sanggau Kapuas,6,Unhealthy
12/1/23,143.0,Kabupaten Sanggau Kapuas,6,Unhealthy for Sensitive Groups
12/2/23,108.0,Kabupaten Sanggau Kapuas,6,Unhealthy for Sensitive Groups
12/3/23,138.0,Kabupaten Sanggau Kapuas,6,Unhealthy for Sensitive Groups
12/8/23,91.0,Kabupaten Sanggau Kapuas,6,Moderate
12/9/23,91.0,Kabupaten Sanggau Kapuas,6,Moderate
12/10/23,91.0,Kabupaten Sanggau Kapuas,6,Moderate
12/11/23,91.0,Kabupaten Sanggau Kapuas,6,Moderate
12/12/23,93.0,Kabupaten Sanggau Kapuas,6,Moderate
12/13/23,130.0,Kabupaten Sanggau Kapuas,6,Unhealthy for Sensitive Groups
12/14/23,121.0,Kabupaten Sanggau Kapuas,6,Unhealthy for Sensitive Groups
12/15/23,121.0,Kabupaten Sanggau Kapuas,6,Unhealthy for Sensitive Groups
12/16/23,112.0,Kabupaten Sanggau Kapuas,6,Unhealthy for Sensitive Groups
12/17/23,137.0,Kabupaten Sanggau Kapuas,6,Unhealthy for Sensitive Groups
12/18/23,172.0,Kabupaten Sanggau Kapuas,6,Unhealthy
12/19/23,158.0,Kabupaten Sanggau Kapuas,6,Unhealthy
12/21/23,91.0,Kabupaten Sanggau Kapuas,6,Moderate
12/22/23,91.0,Kabupaten Sanggau Kapuas,6,Moderate
12/23/23,91.0,Kabupaten Sanggau Kapuas,6,Moderate
12/24/23,91.0,Kabupaten Sanggau Kapuas,6,Moderate
12/25/23,93.0,Kabupaten Sanggau Kapuas,6,Moderate
12/26/23,130.0,Kabupaten Sanggau Kapuas,6,Unhealthy for Sensitive Groups
12/27/23,121.0,Kabupaten Sanggau Kapuas,6,Unhealthy for Sensitive Groups
12/28/23,121.0,Kabupaten Sanggau Kapuas,6,Unhealthy for Sensitive Groups
12/29/23,112.0,Kabupaten Sanggau Kapuas,6,Unhealthy for Sensitive Groups
12/30/23,137.0,Kabupaten Sanggau Kapuas,6,Unhealthy for Sensitive Groups
12/31/23,172.0,Kabupaten Sanggau Kapuas,6,Unhealthy
1/1/24,158.0,Kabupaten Sanggau Kapuas,6,Unhealthy
1/3/24,166.0,Kabupaten Sanggau Kapuas,6,Unhealthy
1/4/24,197.0,Kabupaten Sanggau Kapuas,6,Unhealthy
1/5/24,183.0,Kabupaten Sanggau Kapuas,6,Unhealthy
1/7/24,247.0,Kabupaten Sanggau Kapuas,6,Very Unhealthy
1/8/24,209.0,Kabupaten Sanggau Kapuas,6,Very Unhealthy
1/9/24,131.0,Kabupaten Sanggau Kapuas,6,Unhealthy for Sensitive Groups
1/10/24,154.0,Kabupaten Sanggau Kapuas,6,Unhealthy
1/11/24,153.0,Kabupaten Sanggau Kapuas,6,Unhealthy
1/12/24,180.0,Kabupaten Sanggau Kapuas,6,Unhealthy
1/13/24,163.0,Kabupaten Sanggau Kapuas,6,Unhealthy
1/14/24,102.0,Kabupaten Sanggau Kapuas,6,Unhealthy for Sensitive Groups
1/29/24,153.0,Kabupaten Sanggau Kapuas,6,Unhealthy
1/30/24,167.0,Kabupaten Sanggau Kapuas,6,Unhealthy
1/31/24,157.0,Kabupaten Sanggau Kapuas,6,Unhealthy
2/1/24,129.0,Kabupaten Sanggau Kapuas,6,Unhealthy for Sensitive Groups
2/2/24,115.0,Kabupaten Sanggau Kapuas,6,Unhealthy for Sensitive Groups
2/3/24,71.0,Kabupaten Sanggau Kapuas,6,Moderate
2/4/24,66.0,Kabupaten Sanggau Kapuas,6,Moderate
2/5/24,68.0,Kabupaten Sanggau Kapuas,6,Moderate
2/6/24,64.0,Kabupaten Sanggau Kapuas,6,Moderate
2/7/24,49.0,Kabupaten Sanggau Kapuas,6,Good
2/8/24,78.0,Kabupaten Sanggau Kapuas,6,Moderate
2/9/24,71.0,Kabupaten Sanggau Kapuas,6,Moderate
2/10/24,58.0,Kabupaten Sanggau Kapuas,6,Moderate
2/11/24,55.0,Kabupaten Sanggau Kapuas,6,Moderate
2/12/24,66.0,Kabupaten Sanggau Kapuas,6,Moderate
2/13/24,66.0,Kabupaten Sanggau Kapuas,6,Moderate
2/14/24,69.0,Kabupaten Sanggau Kapuas,6,Moderate
2/15/24,82.0,Kabupaten Sanggau Kapuas,6,Moderate
9/27/23,54.0,Samarinda,7,Moderate
9/28/23,62.0,Samarinda,7,Moderate
9/29/23,64.0,Samarinda,7,Moderate
9/30/23,63.0,Samarinda,7,Moderate
10/1/23,59.0,Samarinda,7,Moderate
10/2/23,51.0,Samarinda,7,Moderate
10/3/23,54.0,Samarinda,7,Moderate
10/4/23,58.0,Samarinda,7,Moderate
10/5/23,60.0,Samarinda,7,Moderate
10/6/23,67.0,Samarinda,7,Moderate
10/7/23,67.0,Samarinda,7,Moderate
10/8/23,65.0,Samarinda,7,Moderate
10/9/23,62.0,Samarinda,7,Moderate
10/10/23,53.0,Samarinda,7,Moderate
10/11/23,65.0,Samarinda,7,Moderate
10/12/23,45.0,Samarinda,7,Good
10/13/23,59.0,Samarinda,7,Moderate
10/14/23,38.0,Samarinda,7,Good
10/15/23,54.0,Samarinda,7,Moderate
10/16/23,57.0,Samarinda,7,Moderate
10/17/23,60.0,Samarinda,7,Moderate
10/18/23,53.0,Samarinda,7,Moderate
10/19/23,65.0,Samarinda,7,Moderate
10/20/23,53.0,Samarinda,7,Moderate
10/21/23,65.0,Samarinda,7,Moderate
10/22/23,71.0,Samarinda,7,Moderate
10/23/23,71.0,Samarinda,7,Moderate
10/24/23,76.0,Samarinda,7,Moderate
10/25/23,66.0,Samarinda,7,Moderate
10/26/23,79.0,Samarinda,7,Moderate
10/27/23,72.0,Samarinda,7,Moderate
10/28/23,69.0,Samarinda,7,Moderate
10/29/23,67.0,Samarinda,7,Moderate
10/30/23,61.0,Samarinda,7,Moderate
10/31/23,51.0,Samarinda,7,Moderate
11/1/23,58.0,Samarinda,7,Moderate
11/2/23,58.0,Samarinda,7,Moderate
11/3/23,55.0,Samarinda,7,Moderate
11/4/23,71.0,Samarinda,7,Moderate
11/5/23,63.0,Samarinda,7,Moderate
11/6/23,68.0,Samarinda,7,Moderate
11/7/23,65.0,Samarinda,7,Moderate
11/8/23,53.0,Samarinda,7,Moderate
11/9/23,65.0,Samarinda,7,Moderate
11/10/23,71.0,Samarinda,7,Moderate
11/11/23,71.0,Samarinda,7,Moderate
11/12/23,76.0,Samarinda,7,Moderate
11/13/23,66.0,Samarinda,7,Moderate
11/14/23,79.0,Samarinda,7,Moderate
11/15/23,72.0,Samarinda,7,Moderate
11/16/23,69.0,Samarinda,7,Moderate
11/17/23,67.0,Samarinda,7,Moderate
11/18/23,61.0,Samarinda,7,Moderate
11/19/23,51.0,Samarinda,7,Moderate
11/20/23,58.0,Samarinda,7,Moderate
11/21/23,58.0,Samarinda,7,Moderate
11/22/23,55.0,Samarinda,7,Moderate
11/23/23,56.0,Samarinda,7,Moderate
11/24/23,43.0,Samarinda,7,Good
11/25/23,153.0,Samarinda,7,Unhealthy
11/26/23,167.0,Samarinda,7,Unhealthy
11/27/23,157.0,Samarinda,7,Unhealthy
11/28/23,129.0,Samarinda,7,Unhealthy for Sensitive Groups
11/29/23,115.0,Samarinda,7,Unhealthy for Sensitive Groups
11/30/23,71.0,Samarinda,7,Moderate
12/1/23,66.0,Samarinda,7,Moderate
12/2/23,68.0,Samarinda,7,Moderate
12/3/23,64.0,Samarinda,7,Moderate
12/8/23,49.0,Samarinda,7,Good
12/9/23,78.0,Samarinda,7,Moderate
12/10/23,71.0,Samarinda,7,Moderate
12/11/23,58.0,Samarinda,7,Moderate
12/12/23,55.0,Samarinda,7,Moderate
12/13/23,66.0,Samarinda,7,Moderate
12/14/23,66.0,Samarinda,7,Moderate
12/15/23,69.0,Samarinda,7,Moderate
12/16/23,82.0,Samarinda,7,Moderate
12/17/23,93.0,Samarinda,7,Moderate
12/18/23,89.0,Samarinda,7,Moderate
12/19/23,92.0,Samarinda,7,Moderate
12/20/23,152.0,Samarinda,7,Unhealthy
12/21/23,49.0,Samarinda,7,Good
12/22/23,78.0,Samarinda,7,Moderate
12/23/23,71.0,Samarinda,7,Moderate
12/24/23,58.0,Samarinda,7,Moderate
12/25/23,55.0,Samarinda,7,Moderate
12/26/23,66.0,Samarinda,7,Moderate
12/27/23,66.0,Samarinda,7,Moderate
12/28/23,69.0,Samarinda,7,Moderate
12/29/23,82.0,Samarinda,7,Moderate
12/30/23,93.0,Samarinda,7,Moderate
12/31/23,89.0,Samarinda,7,Moderate
1/1/24,92.0,Samarinda,7,Moderate
1/2/24,152.0,Samarinda,7,Unhealthy
1/3/24,282.0,Samarinda,7,Very Unhealthy
1/4/24,282.0,Samarinda,7,Very Unhealthy
1/5/24,337.0,Samarinda,7,Hazardous
1/7/24,332.0,Samarinda,7,Hazardous
1/8/24,272.0,Samarinda,7,Very Unhealthy
1/9/24,181.0,Samarinda,7,Unhealthy
1/10/24,167.0,Samarinda,7,Unhealthy
1/11/24,156.0,Samarinda,7,Unhealthy
1/12/24,120.0,Samarinda,7,Unhealthy for Sensitive Groups
1/13/24,61.0,Samarinda,7,Moderate
1/14/24,83.0,Samarinda,7,Moderate
1/29/24,137.0,Samarinda,7,Unhealthy for Sensitive Groups
1/30/24,128.0,Samarinda,7,Unhealthy for Sensitive Groups
1/31/24,203.0,Samarinda,7,Very Unhealthy
2/1/24,182.0,Samarinda,7,Unhealthy
2/2/24,126.0,Samarinda,7,Unhealthy for Sensitive Groups
2/3/24,55.0,Samarinda,7,Moderate
2/4/24,42.0,Samarinda,7,Good
2/5/24,52.0,Samarinda,7,Moderate
2/6/24,84.0,Samarinda,7,Moderate
2/7/24,56.0,Samarinda,7,Moderate
2/8/24,46.0,Samarinda,7,Good
2/9/24,41.0,Samarinda,7,Good
2/10/24,36.0,Samarinda,7,Good
2/11/24,16.0,Samarinda,7,Good
2/12/24,22.0,Samarinda,7,Good
2/13/24,21.0,Samarinda,7,Good
2/15/24,56.0,Samarinda,7,Moderate
9/27/23,172.0,Pontianak Tenggara Sungai Bangkong,8,Unhealthy
9/28/23,180.0,Pontianak Tenggara Sungai Bangkong,8,Unhealthy
9/29/23,137.0,Pontianak Tenggara Sungai Bangkong,8,Unhealthy for Sensitive Groups
9/30/23,111.0,Pontianak Tenggara Sungai Bangkong,8,Unhealthy for Sensitive Groups
10/1/23,106.0,Pontianak Tenggara Sungai Bangkong,8,Unhealthy for Sensitive Groups
10/2/23,120.0,Pontianak Tenggara Sungai Bangkong,8,Unhealthy for Sensitive Groups
10/3/23,181.0,Pontianak Tenggara Sungai Bangkong,8,Unhealthy
10/4/23,152.0,Pontianak Tenggara Sungai Bangkong,8,Unhealthy
10/5/23,115.0,Pontianak Tenggara Sungai Bangkong,8,Unhealthy for Sensitive Groups
10/6/23,121.0,Pontianak Tenggara Sungai Bangkong,8,Unhealthy for Sensitive Groups
10/7/23,182.0,Pontianak Tenggara Sungai Bangkong,8,Unhealthy
10/8/23,172.0,Pontianak Tenggara Sungai Bangkong,8,Unhealthy
10/9/23,161.0,Pontianak Tenggara Sungai Bangkong,8,Unhealthy
10/10/23,152.0,Pontianak Tenggara Sungai Bangkong,8,Unhealthy
10/11/23,143.0,Pontianak Tenggara Sungai Bangkong,8,Unhealthy for Sensitive Groups
10/12/23,108.0,Pontianak Tenggara Sungai Bangkong,8,Unhealthy for Sensitive Groups
10/13/23,138.0,Pontianak Tenggara Sungai Bangkong,8,Unhealthy for Sensitive Groups
10/14/23,91.0,Pontianak Tenggara Sungai Bangkong,8,Moderate
10/15/23,91.0,Pontianak Tenggara Sungai Bangkong,8,Moderate
10/16/23,91.0,Pontianak Tenggara Sungai Bangkong,8,Moderate
10/17/23,91.0,Pontianak Tenggara Sungai Bangkong,8,Moderate
10/18/23,93.0,Pontianak Tenggara Sungai Bangkong,8,Moderate
10/19/23,130.0,Pontianak Tenggara Sungai Bangkong,8,Unhealthy for Sensitive Groups
10/20/23,121.0,Pontianak Tenggara Sungai Bangkong,8,Unhealthy for Sensitive Groups
10/21/23,121.0,Pontianak Tenggara Sungai Bangkong,8,Unhealthy for Sensitive Groups
10/22/23,112.0,Pontianak Tenggara Sungai Bangkong,8,Unhealthy for Sensitive Groups
10/23/23,137.0,Pontianak Tenggara Sungai Bangkong,8,Unhealthy for Sensitive Groups
10/24/23,172.0,Pontianak Tenggara Sungai Bangkong,8,Unhealthy
10/25/23,158.0,Pontianak Tenggara Sungai Bangkong,8,Unhealthy
10/31/23,92.0,Pontianak Tenggara Sungai Bangkong,8,Moderate
11/1/23,109.0,Pontianak Tenggara Sungai Bangkong,8,Unhealthy for Sensitive Groups
11/2/23,81.0,Pontianak Tenggara Sungai Bangkong,8,Moderate
11/3/23,88.0,Pontianak Tenggara Sungai Bangkong,8,Moderate
11/4/23,94.0,Pontianak Tenggara Sungai Bangkong,8,Moderate
11/5/23,78.0,Pontianak Tenggara Sungai Bangkong,8,Moderate
11/6/23,117.0,Pontianak Tenggara Sungai Bangkong,8,Unhealthy for Sensitive Groups
11/7/23,130.0,Pontianak Tenggara Sungai Bangkong,8,Unhealthy for Sensitive Groups
11/8/23,121.0,Pontianak Tenggara Sungai Bangkong,8,Unhealthy for Sensitive Groups
11/9/23,121.0,Pontianak Tenggara Sungai Bangkong,8,Unhealthy for Sensitive Groups
11/10/23,112.0,Pontianak Tenggara Sungai Bangkong,8,Unhealthy for Sensitive Groups
11/11/23,137.0,Pontianak Tenggara Sungai Bangkong,8,Unhealthy for Sensitive Groups
11/12/23,172.0,Pontianak Tenggara Sungai Bangkong,8,Unhealthy
11/13/23,158.0,Pontianak Tenggara Sungai Bangkong,8,Unhealthy
11/19/23,92.0,Pontianak Tenggara Sungai Bangkong,8,Moderate
11/20/23,109.0,Pontianak Tenggara Sungai Bangkong,8,Unhealthy for Sensitive Groups
11/21/23,81.0,Pontianak Tenggara Sungai Bangkong,8,Moderate
11/22/23,88.0,Pontianak Tenggara Sungai Bangkong,8,Moderate
11/24/23,16.0,Pontianak Tenggara Sungai Bangkong,8,Good
11/25/23,137.0,Pontianak Tenggara Sungai Bangkong,8,Unhealthy for Sensitive Groups
11/26/23,128.0,Pontianak Tenggara Sungai Bangkong,8,Unhealthy for Sensitive Groups
11/27/23,203.0,Pontianak Tenggara Sungai Bangkong,8,Very Unhealthy
11/28/23,182.0,Pontianak Tenggara Sungai Bangkong,8,Unhealthy
11/29/23,126.0,Pontianak Tenggara Sungai Bangkong,8,Unhealthy for Sensitive Groups
11/30/23,55.0,Pontianak Tenggara Sungai Bangkong,8,Moderate
12/1/23,42.0,Pontianak Tenggara Sungai Bangkong,8,Good
12/2/23,52.0,Pontianak Tenggara Sungai Bangkong,8,Moderate
12/3/23,84.0,Pontianak Tenggara Sungai Bangkong,8,Moderate
12/8/23,56.0,Pontianak Tenggara Sungai Bangkong,8,Moderate
12/9/23,46.0,Pontianak Tenggara Sungai Bangkong,8,Good
12/10/23,41.0,Pontianak Tenggara Sungai Bangkong,8,Good
12/11/23,36.0,Pontianak Tenggara Sungai Bangkong,8,Good
12/12/23,16.0,Pontianak Tenggara Sungai Bangkong,8,Good
12/13/23,22.0,Pontianak Tenggara Sungai Bangkong,8,Good
12/14/23,21.0,Pontianak Tenggara Sungai Bangkong,8,Good
12/16/23,56.0,Pontianak Tenggara Sungai Bangkong,8,Moderate
12/17/23,61.0,Pontianak Tenggara Sungai Bangkong,8,Moderate
12/18/23,72.0,Pontianak Tenggara Sungai Bangkong,8,Moderate
12/19/23,142.0,Pontianak Tenggara Sungai Bangkong,8,Unhealthy for Sensitive Groups
12/20/23,91.0,Pontianak Tenggara Sungai Bangkong,8,Moderate
12/21/23,56.0,Pontianak Tenggara Sungai Bangkong,8,Moderate
12/22/23,46.0,Pontianak Tenggara Sungai Bangkong,8,Good
12/23/23,41.0,Pontianak Tenggara Sungai Bangkong,8,Good
12/24/23,36.0,Pontianak Tenggara Sungai Bangkong,8,Good
12/25/23,16.0,Pontianak Tenggara Sungai Bangkong,8,Good
12/26/23,22.0,Pontianak Tenggara Sungai Bangkong,8,Good
12/27/23,21.0,Pontianak Tenggara Sungai Bangkong,8,Good
12/29/23,56.0,Pontianak Tenggara Sungai Bangkong,8,Moderate
12/30/23,61.0,Pontianak Tenggara Sungai Bangkong,8,Moderate
12/31/23,72.0,Pontianak Tenggara Sungai Bangkong,8,Moderate
1/1/24,142.0,Pontianak Tenggara Sungai Bangkong,8,Unhealthy for Sensitive Groups
1/2/24,91.0,Pontianak Tenggara Sungai Bangkong,8,Moderate
1/3/24,178.0,Pontianak Tenggara Sungai Bangkong,8,Unhealthy
1/4/24,325.0,Pontianak Tenggara Sungai Bangkong,8,Hazardous
1/5/24,500.0,Pontianak Tenggara Sungai Bangkong,8,Hazardous
1/7/24,500.0,Pontianak Tenggara Sungai Bangkong,8,Hazardous
1/8/24,290.0,Pontianak Tenggara Sungai Bangkong,8,Very Unhealthy
1/9/24,241.0,Pontianak Tenggara Sungai Bangkong,8,Very Unhealthy
1/10/24,301.0,Pontianak Tenggara Sungai Bangkong,8,Hazardous
1/11/24,179.0,Pontianak Tenggara Sungai Bangkong,8,Unhealthy
1/12/24,189.0,Pontianak Tenggara Sungai Bangkong,8,Unhealthy
1/13/24,159.0,Pontianak Tenggara Sungai Bangkong,8,Unhealthy
1/14/24,136.0,Pontianak Tenggara Sungai Bangkong,8,Unhealthy for Sensitive Groups
1/29/24,119.0,Pontianak Tenggara Sungai Bangkong,8,Unhealthy for Sensitive Groups
1/30/24,184.0,Pontianak Tenggara Sungai Bangkong,8,Unhealthy
1/31/24,202.0,Pontianak Tenggara Sungai Bangkong,8,Very Unhealthy
2/1/24,160.0,Pontianak Tenggara Sungai Bangkong,8,Unhealthy
2/2/24,173.0,Pontianak Tenggara Sungai Bangkong,8,Unhealthy
2/3/24,171.0,Pontianak Tenggara Sungai Bangkong,8,Unhealthy
2/4/24,172.0,Pontianak Tenggara Sungai Bangkong,8,Unhealthy
2/5/24,154.0,Pontianak Tenggara Sungai Bangkong,8,Unhealthy
2/6/24,78.0,Pontianak Tenggara Sungai Bangkong,8,Moderate
2/7/24,59.0,Pontianak Tenggara Sungai Bangkong,8,Moderate
2/8/24,59.0,Pontianak Tenggara Sungai Bangkong,8,Moderate
2/9/24,87.0,Pontianak Tenggara Sungai Bangkong,8,Moderate
2/10/24,62.0,Pontianak Tenggara Sungai Bangkong,8,Moderate
2/11/24,54.0,Pontianak Tenggara Sungai Bangkong,8,Moderate
2/12/24,42.0,Pontianak Tenggara Sungai Bangkong,8,Good
2/13/24,56.0,Pontianak Tenggara Sungai Bangkong,8,Moderate
2/14/24,80.0,Pontianak Tenggara Sungai Bangkong,8,Moderate
2/15/24,82.0,Pontianak Tenggara Sungai Bangkong,8,Moderate
9/27/23,500.0,Balikpapan sepinggan,9,Hazardous
9/28/23,290.0,Balikpapan sepinggan,9,Very Unhealthy
9/29/23,241.0,Balikpapan sepinggan,9,Very Unhealthy
9/30/23,301.0,Balikpapan sepinggan,9,Hazardous
10/1/23,179.0,Balikpapan sepinggan,9,Unhealthy
10/2/23,189.0,Balikpapan sepinggan,9,Unhealthy
10/3/23,159.0,Balikpapan sepinggan,9,Unhealthy
10/4/23,136.0,Balikpapan sepinggan,9,Unhealthy for Sensitive Groups
10/5/23,119.0,Balikpapan sepinggan,9,Unhealthy for Sensitive Groups
10/6/23,184.0,Balikpapan sepinggan,9,Unhealthy
10/7/23,202.0,Balikpapan sepinggan,9,Very Unhealthy
10/8/23,160.0,Balikpapan sepinggan,9,Unhealthy
10/9/23,173.0,Balikpapan sepinggan,9,Unhealthy
10/10/23,171.0,Balikpapan sepinggan,9,Unhealthy
10/11/23,172.0,Balikpapan sepinggan,9,Unhealthy
10/12/23,154.0,Balikpapan sepinggan,9,Unhealthy
10/13/23,78.0,Balikpapan sepinggan,9,Moderate
10/14/23,59.0,Balikpapan sepinggan,9,Moderate
10/15/23,59.0,Balikpapan sepinggan,9,Moderate
10/16/23,87.0,Balikpapan sepinggan,9,Moderate
10/17/23,62.0,Balikpapan sepinggan,9,Moderate
10/18/23,54.0,Balikpapan sepinggan,9,Moderate
10/19/23,42.0,Balikpapan sepinggan,9,Good
10/20/23,56.0,Balikpapan sepinggan,9,Moderate
10/21/23,80.0,Balikpapan sepinggan,9,Moderate
10/22/23,82.0,Balikpapan sepinggan,9,Moderate
10/23/23,88.0,Balikpapan sepinggan,9,Moderate
10/24/23,157.0,Balikpapan sepinggan,9,Unhealthy
10/25/23,108.0,Balikpapan sepinggan,9,Unhealthy for Sensitive Groups
10/26/23,108.0,Balikpapan sepinggan,9,Unhealthy for Sensitive Groups
10/27/23,105.0,Balikpapan sepinggan,9,Unhealthy for Sensitive Groups
10/28/23,90.0,Balikpapan sepinggan,9,Moderate
10/29/23,57.0,Balikpapan sepinggan,9,Moderate
10/30/23,53.0,Balikpapan sepinggan,9,Moderate
10/31/23,61.0,Balikpapan sepinggan,9,Moderate
11/1/23,55.0,Balikpapan sepinggan,9,Moderate
11/2/23,61.0,Balikpapan sepinggan,9,Moderate
11/3/23,52.0,Balikpapan sepinggan,9,Moderate
11/4/23,54.0,Balikpapan sepinggan,9,Moderate
11/5/23,68.0,Balikpapan sepinggan,9,Moderate
11/6/23,45.0,Balikpapan sepinggan,9,Good
11/7/23,42.0,Balikpapan sepinggan,9,Good
11/8/23,56.0,Balikpapan sepinggan,9,Moderate
11/9/23,80.0,Balikpapan sepinggan,9,Moderate
11/10/23,82.0,Balikpapan sepinggan,9,Moderate
11/11/23,88.0,Balikpapan sepinggan,9,Moderate
11/12/23,157.0,Balikpapan sepinggan,9,Unhealthy
11/13/23,108.0,Balikpapan sepinggan,9,Unhealthy for Sensitive Groups
11/14/23,108.0,Balikpapan sepinggan,9,Unhealthy for Sensitive Groups
11/15/23,105.0,Balikpapan sepinggan,9,Unhealthy for Sensitive Groups
11/16/23,90.0,Balikpapan sepinggan,9,Moderate
11/17/23,57.0,Balikpapan sepinggan,9,Moderate
11/18/23,53.0,Balikpapan sepinggan,9,Moderate
11/19/23,61.0,Balikpapan sepinggan,9,Moderate
11/20/23,55.0,Balikpapan sepinggan,9,Moderate
11/21/23,61.0,Balikpapan sepinggan,9,Moderate
11/22/23,52.0,Balikpapan sepinggan,9,Moderate
11/23/23,54.0,Balikpapan sepinggan,9,Moderate
11/24/23,68.0,Balikpapan sepinggan,9,Moderate
11/25/23,45.0,Balikpapan sepinggan,9,Good
11/26/23,49.0,Balikpapan sepinggan,9,Good
11/27/23,58.0,Balikpapan sepinggan,9,Moderate
11/28/23,55.0,Balikpapan sepinggan,9,Moderate
11/29/23,42.0,Balikpapan sepinggan,9,Good
11/30/23,33.0,Balikpapan sepinggan,9,Good
12/1/23,28.0,Balikpapan sepinggan,9,Good
12/2/23,43.0,Balikpapan sepinggan,9,Good
12/3/23,54.0,Balikpapan sepinggan,9,Moderate
12/8/23,59.0,Balikpapan sepinggan,9,Moderate
12/9/23,50.0,Balikpapan sepinggan,9,Good
12/10/23,64.0,Balikpapan sepinggan,9,Moderate
12/11/23,55.0,Balikpapan sepinggan,9,Moderate
12/12/23,58.0,Balikpapan sepinggan,9,Moderate
12/13/23,59.0,Balikpapan sepinggan,9,Moderate
12/14/23,70.0,Balikpapan sepinggan,9,Moderate
12/15/23,69.0,Balikpapan sepinggan,9,Moderate
12/16/23,62.0,Balikpapan sepinggan,9,Moderate
12/17/23,56.0,Balikpapan sepinggan,9,Moderate
12/18/23,43.0,Balikpapan sepinggan,9,Good
12/19/23,153.0,Balikpapan sepinggan,9,Unhealthy
12/20/23,167.0,Balikpapan sepinggan,9,Unhealthy
12/21/23,157.0,Balikpapan sepinggan,9,Unhealthy
12/22/23,129.0,Balikpapan sepinggan,9,Unhealthy for Sensitive Groups
12/23/23,115.0,Balikpapan sepinggan,9,Unhealthy for Sensitive Groups
12/24/23,71.0,Balikpapan sepinggan,9,Moderate
12/25/23,66.0,Balikpapan sepinggan,9,Moderate
12/26/23,68.0,Balikpapan sepinggan,9,Moderate
12/27/23,64.0,Balikpapan sepinggan,9,Moderate
12/28/23,49.0,Balikpapan sepinggan,9,Good
12/29/23,78.0,Balikpapan sepinggan,9,Moderate
12/30/23,71.0,Balikpapan sepinggan,9,Moderate
12/31/23,58.0,Balikpapan sepinggan,9,Moderate
1/1/24,55.0,Balikpapan sepinggan,9,Moderate
1/2/24,66.0,Balikpapan sepinggan,9,Moderate
1/3/24,111.0,Balikpapan sepinggan,9,Unhealthy for Sensitive Groups
1/4/24,106.0,Balikpapan sepinggan,9,Unhealthy for Sensitive Groups
1/5/24,120.0,Balikpapan sepinggan,9,Unhealthy for Sensitive Groups
1/7/24,181.0,Balikpapan sepinggan,9,Unhealthy
1/8/24,152.0,Balikpapan sepinggan,9,Unhealthy
1/9/24,115.0,Balikpapan sepinggan,9,Unhealthy for Sensitive Groups
1/10/24,121.0,Balikpapan sepinggan,9,Unhealthy for Sensitive Groups
1/11/24,182.0,Balikpapan sepinggan,9,Unhealthy
1/12/24,172.0,Balikpapan sepinggan,9,Unhealthy
1/13/24,161.0,Balikpapan sepinggan,9,Unhealthy
1/14/24,152.0,Balikpapan sepinggan,9,Unhealthy
1/29/24,143.0,Balikpapan sepinggan,9,Unhealthy for Sensitive Groups
1/30/24,108.0,Balikpapan sepinggan,9,Unhealthy for Sensitive Groups
1/31/24,138.0,Balikpapan sepinggan,9,Unhealthy for Sensitive Groups
2/1/24,91.0,Balikpapan sepinggan,9,Moderate
2/2/24,91.0,Balikpapan sepinggan,9,Moderate
2/3/24,91.0,Balikpapan sepinggan,9,Moderate
2/4/24,91.0,Balikpapan sepinggan,9,Moderate
2/5/24,93.0,Balikpapan sepinggan,9,Moderate
2/6/24,130.0,Balikpapan sepinggan,9,Unhealthy for Sensitive Groups
2/7/24,121.0,Balikpapan sepinggan,9,Unhealthy for Sensitive Groups
2/8/24,121.0,Balikpapan sepinggan,9,Unhealthy for Sensitive Groups
2/9/24,112.0,Balikpapan sepinggan,9,Unhealthy for Sensitive Groups
2/10/24,137.0,Balikpapan sepinggan,9,Unhealthy for Sensitive Groups
2/11/24,172.0,Balikpapan sepinggan,9,Unhealthy
2/12/24,158.0,Balikpapan sepinggan,9,Unhealthy
9/27/23,121.0,Banjar Baru Landasan Ulin,2,Unhealthy for Sensitive Groups
9/28/23,132.0,Banjar Baru Landasan Ulin,2,Unhealthy for Sensitive Groups
9/29/23,133.0,Banjar Baru Landasan Ulin,2,Unhealthy for Sensitive Groups
9/30/23,143.0,Banjar Baru Landasan Ulin,2,Unhealthy for Sensitive Groups
10/1/23,152.0,Banjar Baru Landasan Ulin,2,Unhealthy
10/2/23,71.0,Banjar Baru Landasan Ulin,2,Moderate
10/3/23,33.0,Banjar Baru Landasan Ulin,2,Good
10/4/23,38.0,Banjar Baru Landasan Ulin,2,Good
10/5/23,60.0,Banjar Baru Landasan Ulin,2,Moderate
10/6/23,64.0,Banjar Baru Landasan Ulin,2,Moderate
10/7/23,78.0,Banjar Baru Landasan Ulin,2,Moderate
10/8/23,63.0,Banjar Baru Landasan Ulin,2,Moderate
10/9/23,39.0,Banjar Baru Landasan Ulin,2,Good
10/10/23,66.0,Banjar Baru Landasan Ulin,2,Moderate
10/11/23,78.0,Banjar Baru Landasan Ulin,2,Moderate
10/12/23,52.0,Banjar Baru Landasan Ulin,2,Moderate
10/13/23,38.0,Banjar Baru Landasan Ulin,2,Good
10/14/23,49.0,Banjar Baru Landasan Ulin,2,Good
10/15/23,44.0,Banjar Baru Landasan Ulin,2,Good
10/16/23,32.0,Banjar Baru Landasan Ulin,2,Good
10/17/23,25.0,Banjar Baru Landasan Ulin,2,Good
10/18/23,20.0,Banjar Baru Landasan Ulin,2,Good
10/20/23,32.0,Banjar Baru Landasan Ulin,2,Good
10/21/23,38.0,Banjar Baru Landasan Ulin,2,Good
10/22/23,39.0,Banjar Baru Landasan Ulin,2,Good
10/23/23,33.0,Banjar Baru Landasan Ulin,2,Good
10/24/23,24.0,Banjar Baru Landasan Ulin,2,Good
10/25/23,31.0,Banjar Baru Landasan Ulin,2,Good
10/26/23,54.0,Banjar Baru Landasan Ulin,2,Moderate
10/27/23,61.0,Banjar Baru Landasan Ulin,2,Moderate
10/28/23,43.0,Banjar Baru Landasan Ulin,2,Good
10/29/23,29.0,Banjar Baru Landasan Ulin,2,Good
10/30/23,52.0,Banjar Baru Landasan Ulin,2,Moderate
10/31/23,29.0,Banjar Baru Landasan Ulin,2,Good
11/1/23,18.0,Banjar Baru Landasan Ulin,2,Good
11/2/23,28.0,Banjar Baru Landasan Ulin,2,Good
11/3/23,31.0,Banjar Baru Landasan Ulin,2,Good
11/4/23,48.0,Banjar Baru Landasan Ulin,2,Good
11/5/23,27.0,Banjar Baru Landasan Ulin,2,Good
11/6/23,22.0,Banjar Baru Landasan Ulin,2,Good
11/8/23,32.0,Banjar Baru Landasan Ulin,2,Good
11/9/23,38.0,Banjar Baru Landasan Ulin,2,Good
11/10/23,39.0,Banjar Baru Landasan Ulin,2,Good
11/11/23,33.0,Banjar Baru Landasan Ulin,2,Good
11/12/23,24.0,Banjar Baru Landasan Ulin,2,Good
11/13/23,31.0,Banjar Baru Landasan Ulin,2,Good
11/14/23,54.0,Banjar Baru Landasan Ulin,2,Moderate
11/15/23,61.0,Banjar Baru Landasan Ulin,2,Moderate
11/16/23,43.0,Banjar Baru Landasan Ulin,2,Good
11/17/23,29.0,Banjar Baru Landasan Ulin,2,Good
11/18/23,52.0,Banjar Baru Landasan Ulin,2,Moderate
11/19/23,29.0,Banjar Baru Landasan Ulin,2,Good
11/20/23,18.0,Banjar Baru Landasan Ulin,2,Good
11/21/23,28.0,Banjar Baru Landasan Ulin,2,Good
11/22/23,31.0,Banjar Baru Landasan Ulin,2,Good
11/23/23,48.0,Banjar Baru Landasan Ulin,2,Good
11/24/23,27.0,Banjar Baru Landasan Ulin,2,Good
11/25/23,22.0,Banjar Baru Landasan Ulin,2,Good
11/26/23,23.0,Banjar Baru Landasan Ulin,2,Good
11/27/23,41.0,Banjar Baru Landasan Ulin,2,Good
11/28/23,31.0,Banjar Baru Landasan Ulin,2,Good
11/29/23,22.0,Banjar Baru Landasan Ulin,2,Good
11/30/23,20.0,Banjar Baru Landasan Ulin,2,Good
12/1/23,19.0,Banjar Baru Landasan Ulin,2,Good
12/2/23,47.0,Banjar Baru Landasan Ulin,2,Good
12/3/23,52.0,Banjar Baru Landasan Ulin,2,Moderate
12/8/23,52.0,Banjar Baru Landasan Ulin,2,Moderate
12/9/23,46.0,Banjar Baru Landasan Ulin,2,Good
12/10/23,24.0,Banjar Baru Landasan Ulin,2,Good
12/11/23,21.0,Banjar Baru Landasan Ulin,2,Good
12/12/23,14.0,Banjar Baru Landasan Ulin,2,Good
12/13/23,25.0,Banjar Baru Landasan Ulin,2,Good
12/14/23,29.0,Banjar Baru Landasan Ulin,2,Good
12/15/23,45.0,Banjar Baru Landasan Ulin,2,Good
12/16/23,40.0,Banjar Baru Landasan Ulin,2,Good
12/18/23,16.0,Banjar Baru Landasan Ulin,2,Good
12/19/23,137.0,Banjar Baru Landasan Ulin,2,Unhealthy for Sensitive Groups
12/20/23,128.0,Banjar Baru Landasan Ulin,2,Unhealthy for Sensitive Groups
12/21/23,203.0,Banjar Baru Landasan Ulin,2,Very Unhealthy
12/22/23,182.0,Banjar Baru Landasan Ulin,2,Unhealthy
12/23/23,126.0,Banjar Baru Landasan Ulin,2,Unhealthy for Sensitive Groups
12/24/23,55.0,Banjar Baru Landasan Ulin,2,Moderate
12/25/23,42.0,Banjar Baru Landasan Ulin,2,Good
12/26/23,52.0,Banjar Baru Landasan Ulin,2,Moderate
12/27/23,84.0,Banjar Baru Landasan Ulin,2,Moderate
12/28/23,56.0,Banjar Baru Landasan Ulin,2,Moderate
12/29/23,46.0,Banjar Baru Landasan Ulin,2,Good
12/30/23,41.0,Banjar Baru Landasan Ulin,2,Good
12/31/23,36.0,Banjar Baru Landasan Ulin,2,Good
1/1/24,16.0,Banjar Baru Landasan Ulin,2,Good
1/2/24,22.0,Banjar Baru Landasan Ulin,2,Good
1/3/24,154.0,Banjar Baru Landasan Ulin,2,Unhealthy
1/4/24,153.0,Banjar Baru Landasan Ulin,2,Unhealthy
1/5/24,180.0,Banjar Baru Landasan Ulin,2,Unhealthy
1/7/24,163.0,Banjar Baru Landasan Ulin,2,Unhealthy
1/8/24,102.0,Banjar Baru Landasan Ulin,2,Unhealthy for Sensitive Groups
1/9/24,153.0,Banjar Baru Landasan Ulin,2,Unhealthy
1/10/24,167.0,Banjar Baru Landasan Ulin,2,Unhealthy
1/11/24,157.0,Banjar Baru Landasan Ulin,2,Unhealthy
1/12/24,129.0,Banjar Baru Landasan Ulin,2,Unhealthy for Sensitive Groups
1/13/24,115.0,Banjar Baru Landasan Ulin,2,Unhealthy for Sensitive Groups
1/14/24,71.0,Banjar Baru Landasan Ulin,2,Moderate
1/29/24,66.0,Banjar Baru Landasan Ulin,2,Moderate
1/30/24,68.0,Banjar Baru Landasan Ulin,2,Moderate
1/31/24,64.0,Banjar Baru Landasan Ulin,2,Moderate
2/1/24,49.0,Banjar Baru Landasan Ulin,2,Good
2/2/24,78.0,Banjar Baru Landasan Ulin,2,Moderate
2/3/24,71.0,Banjar Baru Landasan Ulin,2,Moderate
2/4/24,58.0,Banjar Baru Landasan Ulin,2,Moderate
2/5/24,55.0,Banjar Baru Landasan Ulin,2,Moderate
2/6/24,66.0,Banjar Baru Landasan Ulin,2,Moderate
2/7/24,66.0,Banjar Baru Landasan Ulin,2,Moderate
2/8/24,69.0,Banjar Baru Landasan Ulin,2,Moderate
2/9/24,82.0,Banjar Baru Landasan Ulin,2,Moderate
2/10/24,93.0,Banjar Baru Landasan Ulin,2,Moderate
2/11/24,89.0,Banjar Baru Landasan Ulin,2,Moderate
2/12/24,92.0,Banjar Baru Landasan Ulin,2,Moderate
2/13/24,152.0,Banjar Baru Landasan Ulin,2,Unhealthy
2/14/24,106.0,Banjar Baru Landasan Ulin,2,Unhealthy for Sensitive Groups
2/15/24,97.0,Banjar Baru Landasan Ulin,2,Moderate
9/27/23,52.0,Banjarmasin Kayu Tangi,3,Moderate
9/28/23,46.0,Banjarmasin Kayu Tangi,3,Good
9/29/23,115.0,Banjarmasin Kayu Tangi,3,Unhealthy for Sensitive Groups
9/30/23,121.0,Banjarmasin Kayu Tangi,3,Unhealthy for Sensitive Groups
10/1/23,182.0,Banjarmasin Kayu Tangi,3,Unhealthy
10/2/23,172.0,Banjarmasin Kayu Tangi,3,Unhealthy
10/3/23,161.0,Banjarmasin Kayu Tangi,3,Unhealthy
10/4/23,152.0,Banjarmasin Kayu Tangi,3,Unhealthy
10/5/23,143.0,Banjarmasin Kayu Tangi,3,Unhealthy for Sensitive Groups
10/6/23,108.0,Banjarmasin Kayu Tangi,3,Unhealthy for Sensitive Groups
10/7/23,138.0,Banjarmasin Kayu Tangi,3,Unhealthy for Sensitive Groups
10/8/23,91.0,Banjarmasin Kayu Tangi,3,Moderate
10/9/23,91.0,Banjarmasin Kayu Tangi,3,Moderate
10/10/23,91.0,Banjarmasin Kayu Tangi,3,Moderate
10/11/23,91.0,Banjarmasin Kayu Tangi,3,Moderate
10/12/23,93.0,Banjarmasin Kayu Tangi,3,Moderate
10/13/23,130.0,Banjarmasin Kayu Tangi,3,Unhealthy for Sensitive Groups
10/14/23,121.0,Banjarmasin Kayu Tangi,3,Unhealthy for Sensitive Groups
10/15/23,121.0,Banjarmasin Kayu Tangi,3,Unhealthy for Sensitive Groups
10/16/23,112.0,Banjarmasin Kayu Tangi,3,Unhealthy for Sensitive Groups
10/17/23,137.0,Banjarmasin Kayu Tangi,3,Unhealthy for Sensitive Groups
10/18/23,172.0,Banjarmasin Kayu Tangi,3,Unhealthy
10/19/23,158.0,Banjarmasin Kayu Tangi,3,Unhealthy
10/23/23,25.0,Banjarmasin Kayu Tangi,3,Good
10/24/23,23.0,Banjarmasin Kayu Tangi,3,Good
10/25/23,70.0,Banjarmasin Kayu Tangi,3,Moderate
10/26/23,30.0,Banjarmasin Kayu Tangi,3,Good
10/27/23,40.0,Banjarmasin Kayu Tangi,3,Good
10/29/23,59.0,Banjarmasin Kayu Tangi,3,Moderate
10/30/23,90.0,Banjarmasin Kayu Tangi,3,Moderate
10/31/23,58.0,Banjarmasin Kayu Tangi,3,Moderate
11/1/23,26.0,Banjarmasin Kayu Tangi,3,Good
11/2/23,32.0,Banjarmasin Kayu Tangi,3,Good
11/3/23,43.0,Banjarmasin Kayu Tangi,3,Good
11/4/23,24.0,Banjarmasin Kayu Tangi,3,Good
11/5/23,21.0,Banjarmasin Kayu Tangi,3,Good
11/6/23,14.0,Banjarmasin Kayu Tangi,3,Good
11/7/23,25.0,Banjarmasin Kayu Tangi,3,Good
11/8/23,29.0,Banjarmasin Kayu Tangi,3,Good
11/9/23,45.0,Banjarmasin Kayu Tangi,3,Good
11/10/23,40.0,Banjarmasin Kayu Tangi,3,Good
11/12/23,16.0,Banjarmasin Kayu Tangi,3,Good
11/13/23,137.0,Banjarmasin Kayu Tangi,3,Unhealthy for Sensitive Groups
11/14/23,128.0,Banjarmasin Kayu Tangi,3,Unhealthy for Sensitive Groups
11/15/23,203.0,Banjarmasin Kayu Tangi,3,Very Unhealthy
11/16/23,182.0,Banjarmasin Kayu Tangi,3,Unhealthy
11/17/23,126.0,Banjarmasin Kayu Tangi,3,Unhealthy for Sensitive Groups
11/18/23,55.0,Banjarmasin Kayu Tangi,3,Moderate
11/19/23,42.0,Banjarmasin Kayu Tangi,3,Good
11/20/23,52.0,Banjarmasin Kayu Tangi,3,Moderate
11/21/23,84.0,Banjarmasin Kayu Tangi,3,Moderate
11/22/23,56.0,Banjarmasin Kayu Tangi,3,Moderate
11/23/23,46.0,Banjarmasin Kayu Tangi,3,Good
11/24/23,41.0,Banjarmasin Kayu Tangi,3,Good
11/25/23,36.0,Banjarmasin Kayu Tangi,3,Good
11/26/23,16.0,Banjarmasin Kayu Tangi,3,Good
11/27/23,22.0,Banjarmasin Kayu Tangi,3,Good
11/28/23,21.0,Banjarmasin Kayu Tangi,3,Good
11/30/23,56.0,Banjarmasin Kayu Tangi,3,Moderate
12/1/23,61.0,Banjarmasin Kayu Tangi,3,Moderate
12/2/23,72.0,Banjarmasin Kayu Tangi,3,Moderate
12/3/23,142.0,Banjarmasin Kayu Tangi,3,Unhealthy for Sensitive Groups
12/8/23,91.0,Banjarmasin Kayu Tangi,3,Moderate
12/11/23,25.0,Banjarmasin Kayu Tangi,3,Good
12/12/23,23.0,Banjarmasin Kayu Tangi,3,Good
12/13/23,70.0,Banjarmasin Kayu Tangi,3,Moderate
12/14/23,30.0,Banjarmasin Kayu Tangi,3,Good
12/15/23,40.0,Banjarmasin Kayu Tangi,3,Good
12/17/23,59.0,Banjarmasin Kayu Tangi,3,Moderate
12/18/23,90.0,Banjarmasin Kayu Tangi,3,Moderate
12/19/23,58.0,Banjarmasin Kayu Tangi,3,Moderate
12/20/23,26.0,Banjarmasin Kayu Tangi,3,Good
12/21/23,13.0,Banjarmasin Kayu Tangi,3,Good
12/22/23,18.0,Banjarmasin Kayu Tangi,3,Good
12/23/23,24.0,Banjarmasin Kayu Tangi,3,Good
12/24/23,30.0,Banjarmasin Kayu Tangi,3,Good
12/25/23,19.0,Banjarmasin Kayu Tangi,3,Good
12/26/23,25.0,Banjarmasin Kayu Tangi,3,Good
12/27/23,40.0,Banjarmasin Kayu Tangi,3,Good
12/28/23,22.0,Banjarmasin Kayu Tangi,3,Good
12/29/23,23.0,Banjarmasin Kayu Tangi,3,Good
12/30/23,22.0,Banjarmasin Kayu Tangi,3,Good
12/31/23,34.0,Banjarmasin Kayu Tangi,3,Good
1/1/24,52.0,Banjarmasin Kayu Tangi,3,Moderate
1/2/24,52.0,Banjarmasin Kayu Tangi,3,Moderate
1/3/24,167.0,Banjarmasin Kayu Tangi,3,Unhealthy
1/4/24,156.0,Banjarmasin Kayu Tangi,3,Unhealthy
1/5/24,120.0,Banjarmasin Kayu Tangi,3,Unhealthy for Sensitive Groups
1/7/24,61.0,Banjarmasin Kayu Tangi,3,Moderate
1/8/24,83.0,Banjarmasin Kayu Tangi,3,Moderate
1/9/24,137.0,Banjarmasin Kayu Tangi,3,Unhealthy for Sensitive Groups
1/10/24,128.0,Banjarmasin Kayu Tangi,3,Unhealthy for Sensitive Groups
1/11/24,203.0,Banjarmasin Kayu Tangi,3,Very Unhealthy
1/12/24,182.0,Banjarmasin Kayu Tangi,3,Unhealthy
1/13/24,126.0,Banjarmasin Kayu Tangi,3,Unhealthy for Sensitive Groups
1/14/24,55.0,Banjarmasin Kayu Tangi,3,Moderate
1/29/24,42.0,Banjarmasin Kayu Tangi,3,Good
1/30/24,52.0,Banjarmasin Kayu Tangi,3,Moderate
1/31/24,84.0,Banjarmasin Kayu Tangi,3,Moderate
2/1/24,56.0,Banjarmasin Kayu Tangi,3,Moderate
2/2/24,46.0,Banjarmasin Kayu Tangi,3,Good
2/3/24,41.0,Banjarmasin Kayu Tangi,3,Good
2/4/24,36.0,Banjarmasin Kayu Tangi,3,Good
2/5/24,16.0,Banjarmasin Kayu Tangi,3,Good
2/6/24,22.0,Banjarmasin Kayu Tangi,3,Good
2/7/24,21.0,Banjarmasin Kayu Tangi,3,Good
2/9/24,56.0,Banjarmasin Kayu Tangi,3,Moderate
2/10/24,61.0,Banjarmasin Kayu Tangi,3,Moderate
2/11/24,72.0,Banjarmasin Kayu Tangi,3,Moderate
2/12/24,142.0,Banjarmasin Kayu Tangi,3,Unhealthy for Sensitive Groups
2/13/24,91.0,Banjarmasin Kayu Tangi,3,Moderate
9/27/23,56.0,Kabupaten Barito Selatan Sanggu,4,Moderate
9/28/23,43.0,Kabupaten Barito Selatan Sanggu,4,Good
9/29/23,153.0,Kabupaten Barito Selatan Sanggu,4,Unhealthy
9/30/23,167.0,Kabupaten Barito Selatan Sanggu,4,Unhealthy
10/1/23,157.0,Kabupaten Barito Selatan Sanggu,4,Unhealthy
10/2/23,129.0,Kabupaten Barito Selatan Sanggu,4,Unhealthy for Sensitive Groups
10/3/23,115.0,Kabupaten Barito Selatan Sanggu,4,Unhealthy for Sensitive Groups
10/4/23,71.0,Kabupaten Barito Selatan Sanggu,4,Moderate
10/5/23,66.0,Kabupaten Barito Selatan Sanggu,4,Moderate
10/6/23,68.0,Kabupaten Barito Selatan Sanggu,4,Moderate
10/7/23,64.0,Kabupaten Barito Selatan Sanggu,4,Moderate
10/8/23,49.0,Kabupaten Barito Selatan Sanggu,4,Good
10/9/23,78.0,Kabupaten Barito Selatan Sanggu,4,Moderate
10/10/23,71.0,Kabupaten Barito Selatan Sanggu,4,Moderate
10/11/23,58.0,Kabupaten Barito Selatan Sanggu,4,Moderate
10/12/23,55.0,Kabupaten Barito Selatan Sanggu,4,Moderate
10/13/23,66.0,Kabupaten Barito Selatan Sanggu,4,Moderate
10/14/23,66.0,Kabupaten Barito Selatan Sanggu,4,Moderate
10/15/23,69.0,Kabupaten Barito Selatan Sanggu,4,Moderate
10/16/23,82.0,Kabupaten Barito Selatan Sanggu,4,Moderate
10/17/23,93.0,Kabupaten Barito Selatan Sanggu,4,Moderate
10/18/23,89.0,Kabupaten Barito Selatan Sanggu,4,Moderate
10/19/23,92.0,Kabupaten Barito Selatan Sanggu,4,Moderate
10/20/23,152.0,Kabupaten Barito Selatan Sanggu,4,Unhealthy
10/21/23,105.0,Kabupaten Barito Selatan Sanggu,4,Unhealthy for Sensitive Groups
10/22/23,90.0,Kabupaten Barito Selatan Sanggu,4,Moderate
10/23/23,57.0,Kabupaten Barito Selatan Sanggu,4,Moderate
10/24/23,53.0,Kabupaten Barito Selatan Sanggu,4,Moderate
10/25/23,61.0,Kabupaten Barito Selatan Sanggu,4,Moderate
10/26/23,55.0,Kabupaten Barito Selatan Sanggu,4,Moderate
10/27/23,61.0,Kabupaten Barito Selatan Sanggu,4,Moderate
10/28/23,52.0,Kabupaten Barito Selatan Sanggu,4,Moderate
10/29/23,54.0,Kabupaten Barito Selatan Sanggu,4,Moderate
10/30/23,68.0,Kabupaten Barito Selatan Sanggu,4,Moderate
10/31/23,45.0,Kabupaten Barito Selatan Sanggu,4,Good
11/1/23,49.0,Kabupaten Barito Selatan Sanggu,4,Good
11/2/23,58.0,Kabupaten Barito Selatan Sanggu,4,Moderate
11/3/23,55.0,Kabupaten Barito Selatan Sanggu,4,Moderate
11/4/23,42.0,Kabupaten Barito Selatan Sanggu,4,Good
11/5/23,33.0,Kabupaten Barito Selatan Sanggu,4,Good
11/6/23,28.0,Kabupaten Barito Selatan Sanggu,4,Good
11/7/23,43.0,Kabupaten Barito Selatan Sanggu,4,Good
11/8/23,54.0,Kabupaten Barito Selatan Sanggu,4,Moderate
11/9/23,59.0,Kabupaten Barito Selatan Sanggu,4,Moderate
11/10/23,50.0,Kabupaten Barito Selatan Sanggu,4,Good
11/11/23,33.0,Kabupaten Barito Selatan Sanggu,4,Good
11/12/23,55.0,Kabupaten Barito Selatan Sanggu,4,Moderate
11/13/23,19.0,Kabupaten Barito Selatan Sanggu,4,Good
11/14/23,14.0,Kabupaten Barito Selatan Sanggu,4,Good
11/15/23,13.0,Kabupaten Barito Selatan Sanggu,4,Good
11/16/23,18.0,Kabupaten Barito Selatan Sanggu,4,Good
11/17/23,24.0,Kabupaten Barito Selatan Sanggu,4,Good
11/18/23,30.0,Kabupaten Barito Selatan Sanggu,4,Good
11/19/23,19.0,Kabupaten Barito Selatan Sanggu,4,Good
11/20/23,25.0,Kabupaten Barito Selatan Sanggu,4,Good
11/21/23,40.0,Kabupaten Barito Selatan Sanggu,4,Good
11/22/23,22.0,Kabupaten Barito Selatan Sanggu,4,Good
11/23/23,23.0,Kabupaten Barito Selatan Sanggu,4,Good
11/24/23,22.0,Kabupaten Barito Selatan Sanggu,4,Good
11/25/23,34.0,Kabupaten Barito Selatan Sanggu,4,Good
11/26/23,52.0,Kabupaten Barito Selatan Sanggu,4,Moderate
11/27/23,52.0,Kabupaten Barito Selatan Sanggu,4,Moderate
11/28/23,60.0,Kabupaten Barito Selatan Sanggu,4,Moderate
11/29/23,61.0,Kabupaten Barito Selatan Sanggu,4,Moderate
11/30/23,58.0,Kabupaten Barito Selatan Sanggu,4,Moderate
12/1/23,61.0,Kabupaten Barito Selatan Sanggu,4,Moderate
12/2/23,53.0,Kabupaten Barito Selatan Sanggu,4,Moderate
12/3/23,55.0,Kabupaten Barito Selatan Sanggu,4,Moderate
12/8/23,55.0,Kabupaten Barito Selatan Sanggu,4,Moderate
12/9/23,59.0,Kabupaten Barito Selatan Sanggu,4,Moderate
12/10/23,63.0,Kabupaten Barito Selatan Sanggu,4,Moderate
12/11/23,59.0,Kabupaten Barito Selatan Sanggu,4,Moderate
12/12/23,52.0,Kabupaten Barito Selatan Sanggu,4,Moderate
12/13/23,22.0,Kabupaten Barito Selatan Sanggu,4,Good
12/14/23,22.0,Kabupaten Barito Selatan Sanggu,4,Good
12/15/23,24.0,Kabupaten Barito Selatan Sanggu,4,Good
12/16/23,28.0,Kabupaten Barito Selatan Sanggu,4,Good
12/17/23,23.0,Kabupaten Barito Selatan Sanggu,4,Good
12/18/23,17.0,Kabupaten Barito Selatan Sanggu,4,Good
12/19/23,14.0,Kabupaten Barito Selatan Sanggu,4,Good
12/20/23,11.0,Kabupaten Barito Selatan Sanggu,4,Good
12/21/23,182.0,Kabupaten Barito Selatan Sanggu,4,Unhealthy
12/22/23,172.0,Kabupaten Barito Selatan Sanggu,4,Unhealthy
12/23/23,161.0,Kabupaten Barito Selatan Sanggu,4,Unhealthy
12/24/23,152.0,Kabupaten Barito Selatan Sanggu,4,Unhealthy
12/25/23,143.0,Kabupaten Barito Selatan Sanggu,4,Unhealthy for Sensitive Groups
12/26/23,108.0,Kabupaten Barito Selatan Sanggu,4,Unhealthy for Sensitive Groups
12/27/23,138.0,Kabupaten Barito Selatan Sanggu,4,Unhealthy for Sensitive Groups
12/28/23,91.0,Kabupaten Barito Selatan Sanggu,4,Moderate
12/29/23,91.0,Kabupaten Barito Selatan Sanggu,4,Moderate
12/30/23,91.0,Kabupaten Barito Selatan Sanggu,4,Moderate
12/31/23,91.0,Kabupaten Barito Selatan Sanggu,4,Moderate
1/1/24,93.0,Kabupaten Barito Selatan Sanggu,4,Moderate
1/2/24,130.0,Kabupaten Barito Selatan Sanggu,4,Unhealthy for Sensitive Groups
1/3/24,301.0,Kabupaten Barito Selatan Sanggu,4,Hazardous
1/4/24,179.0,Kabupaten Barito Selatan Sanggu,4,Unhealthy
1/5/24,189.0,Kabupaten Barito Selatan Sanggu,4,Unhealthy
1/7/24,159.0,Kabupaten Barito Selatan Sanggu,4,Unhealthy
1/8/24,136.0,Kabupaten Barito Selatan Sanggu,4,Unhealthy for Sensitive Groups
1/9/24,119.0,Kabupaten Barito Selatan Sanggu,4,Unhealthy for Sensitive Groups
1/10/24,184.0,Kabupaten Barito Selatan Sanggu,4,Unhealthy
1/11/24,202.0,Kabupaten Barito Selatan Sanggu,4,Very Unhealthy
1/12/24,160.0,Kabupaten Barito Selatan Sanggu,4,Unhealthy
1/13/24,173.0,Kabupaten Barito Selatan Sanggu,4,Unhealthy
1/14/24,171.0,Kabupaten Barito Selatan Sanggu,4,Unhealthy
1/29/24,172.0,Kabupaten Barito Selatan Sanggu,4,Unhealthy
1/30/24,154.0,Kabupaten Barito Selatan Sanggu,4,Unhealthy
1/31/24,78.0,Kabupaten Barito Selatan Sanggu,4,Moderate
2/1/24,59.0,Kabupaten Barito Selatan Sanggu,4,Moderate
2/2/24,59.0,Kabupaten Barito Selatan Sanggu,4,Moderate
2/3/24,87.0,Kabupaten Barito Selatan Sanggu,4,Moderate
2/4/24,62.0,Kabupaten Barito Selatan Sanggu,4,Moderate
2/5/24,54.0,Kabupaten Barito Selatan Sanggu,4,Moderate
2/6/24,42.0,Kabupaten Barito Selatan Sanggu,4,Good
2/7/24,56.0,Kabupaten Barito Selatan Sanggu,4,Moderate
2/8/24,80.0,Kabupaten Barito Selatan Sanggu,4,Moderate
2/9/24,82.0,Kabupaten Barito Selatan Sanggu,4,Moderate
2/10/24,88.0,Kabupaten Barito Selatan Sanggu,4,Moderate
2/11/24,157.0,Kabupaten Barito Selatan Sanggu,4,Unhealthy
2/12/24,108.0,Kabupaten Barito Selatan Sanggu,4,Unhealthy for Sensitive Groups
2/13/24,108.0,Kabupaten Barito Selatan Sanggu,4,Unhealthy for Sensitive Groups
2/14/24,105.0,Kabupaten Barito Selatan Sanggu,4,Unhealthy for Sensitive Groups
2/15/24,90.0,Kabupaten Barito Selatan Sanggu,4,Moderate
9/28/23,16.0,Kabupaten Kotawaringin Timur,5,Good
9/29/23,137.0,Kabupaten Kotawaringin Timur,5,Unhealthy for Sensitive Groups
9/30/23,128.0,Kabupaten Kotawaringin Timur,5,Unhealthy for Sensitive Groups
10/1/23,203.0,Kabupaten Kotawaringin Timur,5,Very Unhealthy
10/2/23,182.0,Kabupaten Kotawaringin Timur,5,Unhealthy
10/3/23,126.0,Kabupaten Kotawaringin Timur,5,Unhealthy for Sensitive Groups
10/4/23,55.0,Kabupaten Kotawaringin Timur,5,Moderate
10/5/23,42.0,Kabupaten Kotawaringin Timur,5,Good
10/6/23,52.0,Kabupaten Kotawaringin Timur,5,Moderate
10/7/23,84.0,Kabupaten Kotawaringin Timur,5,Moderate
10/8/23,56.0,Kabupaten Kotawaringin Timur,5,Moderate
10/9/23,46.0,Kabupaten Kotawaringin Timur,5,Good
10/10/23,41.0,Kabupaten Kotawaringin Timur,5,Good
10/11/23,36.0,Kabupaten Kotawaringin Timur,5,Good
10/12/23,16.0,Kabupaten Kotawaringin Timur,5,Good
10/13/23,22.0,Kabupaten Kotawaringin Timur,5,Good
10/14/23,21.0,Kabupaten Kotawaringin Timur,5,Good
10/16/23,56.0,Kabupaten Kotawaringin Timur,5,Moderate
10/17/23,61.0,Kabupaten Kotawaringin Timur,5,Moderate
10/18/23,72.0,Kabupaten Kotawaringin Timur,5,Moderate
10/19/23,142.0,Kabupaten Kotawaringin Timur,5,Unhealthy for Sensitive Groups
10/20/23,91.0,Kabupaten Kotawaringin Timur,5,Moderate
10/21/23,61.0,Kabupaten Kotawaringin Timur,5,Moderate
10/22/23,43.0,Kabupaten Kotawaringin Timur,5,Good
10/23/23,29.0,Kabupaten Kotawaringin Timur,5,Good
10/24/23,52.0,Kabupaten Kotawaringin Timur,5,Moderate
10/25/23,29.0,Kabupaten Kotawaringin Timur,5,Good
10/26/23,18.0,Kabupaten Kotawaringin Timur,5,Good
10/27/23,28.0,Kabupaten Kotawaringin Timur,5,Good
10/28/23,31.0,Kabupaten Kotawaringin Timur,5,Good
10/29/23,48.0,Kabupaten Kotawaringin Timur,5,Good
10/30/23,27.0,Kabupaten Kotawaringin Timur,5,Good
10/31/23,22.0,Kabupaten Kotawaringin Timur,5,Good
11/1/23,23.0,Kabupaten Kotawaringin Timur,5,Good
11/2/23,41.0,Kabupaten Kotawaringin Timur,5,Good
11/3/23,31.0,Kabupaten Kotawaringin Timur,5,Good
11/4/23,22.0,Kabupaten Kotawaringin Timur,5,Good
11/5/23,20.0,Kabupaten Kotawaringin Timur,5,Good
11/6/23,19.0,Kabupaten Kotawaringin Timur,5,Good
11/7/23,47.0,Kabupaten Kotawaringin Timur,5,Good
11/8/23,52.0,Kabupaten Kotawaringin Timur,5,Moderate
11/9/23,52.0,Kabupaten Kotawaringin Timur,5,Moderate
11/10/23,46.0,Kabupaten Kotawaringin Timur,5,Good
11/11/23,52.0,Kabupaten Kotawaringin Timur,5,Moderate
11/12/23,46.0,Kabupaten Kotawaringin Timur,5,Good
11/13/23,115.0,Kabupaten Kotawaringin Timur,5,Unhealthy for Sensitive Groups
11/14/23,121.0,Kabupaten Kotawaringin Timur,5,Unhealthy for Sensitive Groups
11/15/23,182.0,Kabupaten Kotawaringin Timur,5,Unhealthy
11/16/23,172.0,Kabupaten Kotawaringin Timur,5,Unhealthy
11/17/23,161.0,Kabupaten Kotawaringin Timur,5,Unhealthy
11/18/23,152.0,Kabupaten Kotawaringin Timur,5,Unhealthy
11/19/23,143.0,Kabupaten Kotawaringin Timur,5,Unhealthy for Sensitive Groups
11/20/23,108.0,Kabupaten Kotawaringin Timur,5,Unhealthy for Sensitive Groups
11/21/23,138.0,Kabupaten Kotawaringin Timur,5,Unhealthy for Sensitive Groups
11/22/23,91.0,Kabupaten Kotawaringin Timur,5,Moderate
11/23/23,91.0,Kabupaten Kotawaringin Timur,5,Moderate
11/24/23,91.0,Kabupaten Kotawaringin Timur,5,Moderate
11/25/23,91.0,Kabupaten Kotawaringin Timur,5,Moderate
11/26/23,93.0,Kabupaten Kotawaringin Timur,5,Moderate
11/27/23,130.0,Kabupaten Kotawaringin Timur,5,Unhealthy for Sensitive Groups
11/28/23,121.0,Kabupaten Kotawaringin Timur,5,Unhealthy for Sensitive Groups
11/29/23,121.0,Kabupaten Kotawaringin Timur,5,Unhealthy for Sensitive Groups
11/30/23,112.0,Kabupaten Kotawaringin Timur,5,Unhealthy for Sensitive Groups
12/1/23,137.0,Kabupaten Kotawaringin Timur,5,Unhealthy for Sensitive Groups
12/2/23,172.0,Kabupaten Kotawaringin Timur,5,Unhealthy
12/3/23,158.0,Kabupaten Kotawaringin Timur,5,Unhealthy
12/9/23,91.0,Kabupaten Kotawaringin Timur,5,Moderate
12/10/23,91.0,Kabupaten Kotawaringin Timur,5,Moderate
12/11/23,91.0,Kabupaten Kotawaringin Timur,5,Moderate
12/12/23,91.0,Kabupaten Kotawaringin Timur,5,Moderate
12/13/23,93.0,Kabupaten Kotawaringin Timur,5,Moderate
12/14/23,130.0,Kabupaten Kotawaringin Timur,5,Unhealthy for Sensitive Groups
12/15/23,121.0,Kabupaten Kotawaringin Timur,5,Unhealthy for Sensitive Groups
12/16/23,121.0,Kabupaten Kotawaringin Timur,5,Unhealthy for Sensitive Groups
12/17/23,112.0,Kabupaten Kotawaringin Timur,5,Unhealthy for Sensitive Groups
12/18/23,137.0,Kabupaten Kotawaringin Timur,5,Unhealthy for Sensitive Groups
12/19/23,172.0,Kabupaten Kotawaringin Timur,5,Unhealthy
12/20/23,158.0,Kabupaten Kotawaringin Timur,5,Unhealthy
12/21/23,157.0,Kabupaten Kotawaringin Timur,5,Unhealthy
12/22/23,129.0,Kabupaten Kotawaringin Timur,5,Unhealthy for Sensitive Groups
12/23/23,115.0,Kabupaten Kotawaringin Timur,5,Unhealthy for Sensitive Groups
12/24/23,71.0,Kabupaten Kotawaringin Timur,5,Moderate
12/25/23,66.0,Kabupaten Kotawaringin Timur,5,Moderate
12/26/23,68.0,Kabupaten Kotawaringin Timur,5,Moderate
12/27/23,64.0,Kabupaten Kotawaringin Timur,5,Moderate
12/28/23,49.0,Kabupaten Kotawaringin Timur,5,Good
12/29/23,78.0,Kabupaten Kotawaringin Timur,5,Moderate
12/30/23,71.0,Kabupaten Kotawaringin Timur,5,Moderate
12/31/23,58.0,Kabupaten Kotawaringin Timur,5,Moderate
1/1/24,55.0,Kabupaten Kotawaringin Timur,5,Moderate
1/2/24,66.0,Kabupaten Kotawaringin Timur,5,Moderate
1/3/24,143.0,Kabupaten Kotawaringin Timur,5,Unhealthy for Sensitive Groups
1/4/24,152.0,Kabupaten Kotawaringin Timur,5,Unhealthy
1/5/24,71.0,Kabupaten Kotawaringin Timur,5,Moderate
1/7/24,33.0,Kabupaten Kotawaringin Timur,5,Good
1/8/24,38.0,Kabupaten Kotawaringin Timur,5,Good
1/9/24,60.0,Kabupaten Kotawaringin Timur,5,Moderate
1/10/24,64.0,Kabupaten Kotawaringin Timur,5,Moderate
1/11/24,78.0,Kabupaten Kotawaringin Timur,5,Moderate
1/12/24,63.0,Kabupaten Kotawaringin Timur,5,Moderate
1/13/24,39.0,Kabupaten Kotawaringin Timur,5,Good
1/14/24,66.0,Kabupaten Kotawaringin Timur,5,Moderate
1/29/24,78.0,Kabupaten Kotawaringin Timur,5,Moderate
1/30/24,52.0,Kabupaten Kotawaringin Timur,5,Moderate
1/31/24,38.0,Kabupaten Kotawaringin Timur,5,Good
2/1/24,49.0,Kabupaten Kotawaringin Timur,5,Good
2/2/24,44.0,Kabupaten Kotawaringin Timur,5,Good
2/3/24,32.0,Kabupaten Kotawaringin Timur,5,Good
2/4/24,25.0,Kabupaten Kotawaringin Timur,5,Good
2/5/24,20.0,Kabupaten Kotawaringin Timur,5,Good
2/7/24,32.0,Kabupaten Kotawaringin Timur,5,Good
2/8/24,38.0,Kabupaten Kotawaringin Timur,5,Good
2/9/24,39.0,Kabupaten Kotawaringin Timur,5,Good
2/10/24,33.0,Kabupaten Kotawaringin Timur,5,Good
2/11/24,24.0,Kabupaten Kotawaringin Timur,5,Good
2/12/24,31.0,Kabupaten Kotawaringin Timur,5,Good
2/13/24,54.0,Kabupaten Kotawaringin Timur,5,Moderate
2/14/24,61.0,Kabupaten Kotawaringin Timur,5,Moderate
2/15/24,43.0,Kabupaten Kotawaringin Timur,5,Good
9/27/23,33.0,Kabupaten Sanggau Kapuas,6,Good
9/28/23,55.0,Kabupaten Sanggau Kapuas,6,Moderate
9/29/23,19.0,Kabupaten Sanggau Kapuas,6,Good
9/30/23,14.0,Kabupaten Sanggau Kapuas,6,Good
10/1/23,13.0,Kabupaten Sanggau Kapuas,6,Good
10/2/23,18.0,Kabupaten Sanggau Kapuas,6,Good
10/3/23,24.0,Kabupaten Sanggau Kapuas,6,Good
10/4/23,30.0,Kabupaten Sanggau Kapuas,6,Good
10/5/23,19.0,Kabupaten Sanggau Kapuas,6,Good
10/6/23,25.0,Kabupaten Sanggau Kapuas,6,Good
10/7/23,40.0,Kabupaten Sanggau Kapuas,6,Good
10/8/23,22.0,Kabupaten Sanggau Kapuas,6,Good
10/9/23,23.0,Kabupaten Sanggau Kapuas,6,Good
10/10/23,22.0,Kabupaten Sanggau Kapuas,6,Good
10/11/23,34.0,Kabupaten Sanggau Kapuas,6,Good
10/12/23,52.0,Kabupaten Sanggau Kapuas,6,Moderate
10/13/23,52.0,Kabupaten Sanggau Kapuas,6,Moderate
10/14/23,60.0,Kabupaten Sanggau Kapuas,6,Moderate
10/15/23,61.0,Kabupaten Sanggau Kapuas,6,Moderate
10/16/23,58.0,Kabupaten Sanggau Kapuas,6,Moderate
10/17/23,61.0,Kabupaten Sanggau Kapuas,6,Moderate
10/18/23,53.0,Kabupaten Sanggau Kapuas,6,Moderate
10/19/23,55.0,Kabupaten Sanggau Kapuas,6,Moderate
10/20/23,55.0,Kabupaten Sanggau Kapuas,6,Moderate
10/21/23,21.0,Kabupaten Sanggau Kapuas,6,Good
10/22/23,14.0,Kabupaten Sanggau Kapuas,6,Good
10/23/23,25.0,Kabupaten Sanggau Kapuas,6,Good
10/24/23,29.0,Kabupaten Sanggau Kapuas,6,Good
10/25/23,45.0,Kabupaten Sanggau Kapuas,6,Good
10/26/23,40.0,Kabupaten Sanggau Kapuas,6,Good
10/28/23,16.0,Kabupaten Sanggau Kapuas,6,Good
10/29/23,137.0,Kabupaten Sanggau Kapuas,6,Unhealthy for Sensitive Groups
10/30/23,128.0,Kabupaten Sanggau Kapuas,6,Unhealthy for Sensitive Groups
10/31/23,203.0,Kabupaten Sanggau Kapuas,6,Very Unhealthy
11/1/23,182.0,Kabupaten Sanggau Kapuas,6,Unhealthy
11/2/23,126.0,Kabupaten Sanggau Kapuas,6,Unhealthy for Sensitive Groups
11/3/23,55.0,Kabupaten Sanggau Kapuas,6,Moderate
11/4/23,42.0,Kabupaten Sanggau Kapuas,6,Good
11/5/23,52.0,Kabupaten Sanggau Kapuas,6,Moderate
11/6/23,84.0,Kabupaten Sanggau Kapuas,6,Moderate
11/7/23,56.0,Kabupaten Sanggau Kapuas,6,Moderate
11/8/23,46.0,Kabupaten Sanggau Kapuas,6,Good
11/9/23,41.0,Kabupaten Sanggau Kapuas,6,Good
11/10/23,36.0,Kabupaten Sanggau Kapuas,6,Good
11/11/23,16.0,Kabupaten Sanggau Kapuas,6,Good
11/12/23,22.0,Kabupaten Sanggau Kapuas,6,Good
11/13/23,21.0,Kabupaten Sanggau Kapuas,6,Good
11/15/23,56.0,Kabupaten Sanggau Kapuas,6,Moderate
11/16/23,61.0,Kabupaten Sanggau Kapuas,6,Moderate
11/17/23,72.0,Kabupaten Sanggau Kapuas,6,Moderate
11/18/23,142.0,Kabupaten Sanggau Kapuas,6,Unhealthy for Sensitive Groups
11/19/23,91.0,Kabupaten Sanggau Kapuas,6,Moderate
11/22/23,16.0,Kabupaten Sanggau Kapuas,6,Good
11/23/23,137.0,Kabupaten Sanggau Kapuas,6,Unhealthy for Sensitive Groups
11/24/23,128.0,Kabupaten Sanggau Kapuas,6,Unhealthy for Sensitive Groups
11/25/23,203.0,Kabupaten Sanggau Kapuas,6,Very Unhealthy
11/26/23,182.0,Kabupaten Sanggau Kapuas,6,Unhealthy
11/27/23,126.0,Kabupaten Sanggau Kapuas,6,Unhealthy for Sensitive Groups
11/28/23,55.0,Kabupaten Sanggau Kapuas,6,Moderate
11/29/23,42.0,Kabupaten Sanggau Kapuas,6,Good
11/30/23,52.0,Kabupaten Sanggau Kapuas,6,Moderate
12/1/23,84.0,Kabupaten Sanggau Kapuas,6,Moderate
12/2/23,56.0,Kabupaten Sanggau Kapuas,6,Moderate
12/3/23,46.0,Kabupaten Sanggau Kapuas,6,Good
12/8/23,41.0,Kabupaten Sanggau Kapuas,6,Good
12/9/23,36.0,Kabupaten Sanggau Kapuas,6,Good
12/10/23,16.0,Kabupaten Sanggau Kapuas,6,Good
12/11/23,22.0,Kabupaten Sanggau Kapuas,6,Good
12/12/23,154.0,Kabupaten Sanggau Kapuas,6,Unhealthy
12/13/23,153.0,Kabupaten Sanggau Kapuas,6,Unhealthy
12/14/23,180.0,Kabupaten Sanggau Kapuas,6,Unhealthy
12/15/23,163.0,Kabupaten Sanggau Kapuas,6,Unhealthy
12/16/23,102.0,Kabupaten Sanggau Kapuas,6,Unhealthy for Sensitive Groups
12/17/23,153.0,Kabupaten Sanggau Kapuas,6,Unhealthy
12/18/23,167.0,Kabupaten Sanggau Kapuas,6,Unhealthy
12/19/23,157.0,Kabupaten Sanggau Kapuas,6,Unhealthy
12/20/23,129.0,Kabupaten Sanggau Kapuas,6,Unhealthy for Sensitive Groups
12/21/23,115.0,Kabupaten Sanggau Kapuas,6,Unhealthy for Sensitive Groups
12/22/23,71.0,Kabupaten Sanggau Kapuas,6,Moderate
12/23/23,66.0,Kabupaten Sanggau Kapuas,6,Moderate
12/24/23,68.0,Kabupaten Sanggau Kapuas,6,Moderate
12/25/23,64.0,Kabupaten Sanggau Kapuas,6,Moderate
12/26/23,49.0,Kabupaten Sanggau Kapuas,6,Good
12/27/23,78.0,Kabupaten Sanggau Kapuas,6,Moderate
12/28/23,71.0,Kabupaten Sanggau Kapuas,6,Moderate
12/29/23,58.0,Kabupaten Sanggau Kapuas,6,Moderate
12/30/23,55.0,Kabupaten Sanggau Kapuas,6,Moderate
12/31/23,66.0,Kabupaten Sanggau Kapuas,6,Moderate
1/1/24,66.0,Kabupaten Sanggau Kapuas,6,Moderate
1/2/24,69.0,Kabupaten Sanggau Kapuas,6,Moderate
1/3/24,189.0,Kabupaten Sanggau Kapuas,6,Unhealthy
1/4/24,159.0,Kabupaten Sanggau Kapuas,6,Unhealthy
1/5/24,136.0,Kabupaten Sanggau Kapuas,6,Unhealthy for Sensitive Groups
1/7/24,119.0,Kabupaten Sanggau Kapuas,6,Unhealthy for Sensitive Groups
1/8/24,184.0,Kabupaten Sanggau Kapuas,6,Unhealthy
1/9/24,202.0,Kabupaten Sanggau Kapuas,6,Very Unhealthy
1/10/24,160.0,Kabupaten Sanggau Kapuas,6,Unhealthy
1/11/24,173.0,Kabupaten Sanggau Kapuas,6,Unhealthy
1/12/24,171.0,Kabupaten Sanggau Kapuas,6,Unhealthy
1/13/24,172.0,Kabupaten Sanggau Kapuas,6,Unhealthy
1/14/24,154.0,Kabupaten Sanggau Kapuas,6,Unhealthy
1/29/24,78.0,Kabupaten Sanggau Kapuas,6,Moderate
1/30/24,59.0,Kabupaten Sanggau Kapuas,6,Moderate
1/31/24,59.0,Kabupaten Sanggau Kapuas,6,Moderate
2/1/24,87.0,Kabupaten Sanggau Kapuas,6,Moderate
2/2/24,62.0,Kabupaten Sanggau Kapuas,6,Moderate
2/3/24,54.0,Kabupaten Sanggau Kapuas,6,Moderate
2/4/24,42.0,Kabupaten Sanggau Kapuas,6,Good
2/5/24,56.0,Kabupaten Sanggau Kapuas,6,Moderate
2/6/24,80.0,Kabupaten Sanggau Kapuas,6,Moderate
2/7/24,82.0,Kabupaten Sanggau Kapuas,6,Moderate
2/8/24,88.0,Kabupaten Sanggau Kapuas,6,Moderate
2/9/24,157.0,Kabupaten Sanggau Kapuas,6,Unhealthy
2/10/24,108.0,Kabupaten Sanggau Kapuas,6,Unhealthy for Sensitive Groups
2/11/24,108.0,Kabupaten Sanggau Kapuas,6,Unhealthy for Sensitive Groups
2/12/24,105.0,Kabupaten Sanggau Kapuas,6,Unhealthy for Sensitive Groups
2/13/24,90.0,Kabupaten Sanggau Kapuas,6,Moderate
2/14/24,57.0,Kabupaten Sanggau Kapuas,6,Moderate
2/15/24,53.0,Kabupaten Sanggau Kapuas,6,Moderate
9/27/23,181.0,Samarinda,7,Unhealthy
9/28/23,167.0,Samarinda,7,Unhealthy
9/29/23,156.0,Samarinda,7,Unhealthy
9/30/23,120.0,Samarinda,7,Unhealthy for Sensitive Groups
10/1/23,61.0,Samarinda,7,Moderate
10/2/23,83.0,Samarinda,7,Moderate
10/3/23,137.0,Samarinda,7,Unhealthy for Sensitive Groups
10/4/23,128.0,Samarinda,7,Unhealthy for Sensitive Groups
10/5/23,203.0,Samarinda,7,Very Unhealthy
10/6/23,182.0,Samarinda,7,Unhealthy
10/7/23,126.0,Samarinda,7,Unhealthy for Sensitive Groups
10/8/23,55.0,Samarinda,7,Moderate
10/9/23,42.0,Samarinda,7,Good
10/10/23,52.0,Samarinda,7,Moderate
10/11/23,84.0,Samarinda,7,Moderate
10/12/23,56.0,Samarinda,7,Moderate
10/13/23,46.0,Samarinda,7,Good
10/14/23,41.0,Samarinda,7,Good
10/15/23,36.0,Samarinda,7,Good
10/16/23,16.0,Samarinda,7,Good
10/17/23,22.0,Samarinda,7,Good
10/18/23,21.0,Samarinda,7,Good
10/20/23,56.0,Samarinda,7,Moderate
10/21/23,33.0,Samarinda,7,Good
10/22/23,28.0,Samarinda,7,Good
10/23/23,43.0,Samarinda,7,Good
10/24/23,54.0,Samarinda,7,Moderate
10/25/23,59.0,Samarinda,7,Moderate
10/26/23,50.0,Samarinda,7,Good
10/27/23,33.0,Samarinda,7,Good
10/28/23,55.0,Samarinda,7,Moderate
10/29/23,19.0,Samarinda,7,Good
10/30/23,14.0,Samarinda,7,Good
10/31/23,13.0,Samarinda,7,Good
11/1/23,18.0,Samarinda,7,Good
11/2/23,24.0,Samarinda,7,Good
11/3/23,30.0,Samarinda,7,Good
11/4/23,19.0,Samarinda,7,Good
11/5/23,25.0,Samarinda,7,Good
11/6/23,40.0,Samarinda,7,Good
11/7/23,22.0,Samarinda,7,Good
11/8/23,23.0,Samarinda,7,Good
11/9/23,22.0,Samarinda,7,Good
11/10/23,34.0,Samarinda,7,Good
11/11/23,52.0,Samarinda,7,Moderate
11/12/23,52.0,Samarinda,7,Moderate
11/13/23,60.0,Samarinda,7,Moderate
11/14/23,61.0,Samarinda,7,Moderate
11/15/23,58.0,Samarinda,7,Moderate
11/16/23,61.0,Samarinda,7,Moderate
11/17/23,53.0,Samarinda,7,Moderate
11/18/23,55.0,Samarinda,7,Moderate
11/19/23,55.0,Samarinda,7,Moderate
11/20/23,59.0,Samarinda,7,Moderate
11/21/23,63.0,Samarinda,7,Moderate
11/22/23,90.0,Samarinda,7,Moderate
11/23/23,58.0,Samarinda,7,Moderate
11/24/23,26.0,Samarinda,7,Good
11/25/23,13.0,Samarinda,7,Good
11/26/23,18.0,Samarinda,7,Good
11/27/23,24.0,Samarinda,7,Good
11/28/23,30.0,Samarinda,7,Good
11/29/23,19.0,Samarinda,7,Good
11/30/23,25.0,Samarinda,7,Good
12/1/23,40.0,Samarinda,7,Good
12/2/23,22.0,Samarinda,7,Good
12/3/23,23.0,Samarinda,7,Good
12/8/23,22.0,Samarinda,7,Good
12/9/23,34.0,Samarinda,7,Good
12/10/23,52.0,Samarinda,7,Moderate
12/11/23,52.0,Samarinda,7,Moderate
12/12/23,167.0,Samarinda,7,Unhealthy
12/13/23,156.0,Samarinda,7,Unhealthy
12/14/23,120.0,Samarinda,7,Unhealthy for Sensitive Groups
12/15/23,61.0,Samarinda,7,Moderate
12/16/23,83.0,Samarinda,7,Moderate
12/17/23,137.0,Samarinda,7,Unhealthy for Sensitive Groups
12/18/23,128.0,Samarinda,7,Unhealthy for Sensitive Groups
12/19/23,203.0,Samarinda,7,Very Unhealthy
12/20/23,182.0,Samarinda,7,Unhealthy
12/21/23,126.0,Samarinda,7,Unhealthy for Sensitive Groups
12/22/23,55.0,Samarinda,7,Moderate
12/23/23,42.0,Samarinda,7,Good
12/24/23,52.0,Samarinda,7,Moderate
12/25/23,84.0,Samarinda,7,Moderate
12/26/23,56.0,Samarinda,7,Moderate
12/27/23,46.0,Samarinda,7,Good
12/28/23,41.0,Samarinda,7,Good
12/29/23,36.0,Samarinda,7,Good
12/30/23,16.0,Samarinda,7,Good
12/31/23,22.0,Samarinda,7,Good
1/1/24,21.0,Samarinda,7,Good
1/3/24,71.0,Samarinda,7,Moderate
1/4/24,33.0,Samarinda,7,Good
1/5/24,38.0,Samarinda,7,Good
1/7/24,60.0,Samarinda,7,Moderate
1/8/24,64.0,Samarinda,7,Moderate
1/9/24,78.0,Samarinda,7,Moderate
1/10/24,63.0,Samarinda,7,Moderate
1/11/24,39.0,Samarinda,7,Good
1/12/24,66.0,Samarinda,7,Moderate
1/13/24,78.0,Samarinda,7,Moderate
1/14/24,52.0,Samarinda,7,Moderate
1/29/24,38.0,Samarinda,7,Good
1/30/24,49.0,Samarinda,7,Good
1/31/24,44.0,Samarinda,7,Good
2/1/24,32.0,Samarinda,7,Good
2/2/24,25.0,Samarinda,7,Good
2/3/24,20.0,Samarinda,7,Good
2/5/24,32.0,Samarinda,7,Good
2/6/24,38.0,Samarinda,7,Good
2/7/24,39.0,Samarinda,7,Good
2/8/24,33.0,Samarinda,7,Good
2/9/24,24.0,Samarinda,7,Good
2/10/24,31.0,Samarinda,7,Good
2/11/24,54.0,Samarinda,7,Moderate
2/12/24,61.0,Samarinda,7,Moderate
2/13/24,43.0,Samarinda,7,Good
2/14/24,29.0,Samarinda,7,Good
2/15/24,52.0,Samarinda,7,Moderate
9/27/23,241.0,Pontianak Tenggara Sungai Bangkong,8,Very Unhealthy
9/28/23,301.0,Pontianak Tenggara Sungai Bangkong,8,Hazardous
9/29/23,179.0,Pontianak Tenggara Sungai Bangkong,8,Unhealthy
9/30/23,189.0,Pontianak Tenggara Sungai Bangkong,8,Unhealthy
10/1/23,159.0,Pontianak Tenggara Sungai Bangkong,8,Unhealthy
10/2/23,136.0,Pontianak Tenggara Sungai Bangkong,8,Unhealthy for Sensitive Groups
10/3/23,119.0,Pontianak Tenggara Sungai Bangkong,8,Unhealthy for Sensitive Groups
10/4/23,184.0,Pontianak Tenggara Sungai Bangkong,8,Unhealthy
10/5/23,202.0,Pontianak Tenggara Sungai Bangkong,8,Very Unhealthy
10/6/23,160.0,Pontianak Tenggara Sungai Bangkong,8,Unhealthy
10/7/23,173.0,Pontianak Tenggara Sungai Bangkong,8,Unhealthy
10/8/23,171.0,Pontianak Tenggara Sungai Bangkong,8,Unhealthy
10/9/23,172.0,Pontianak Tenggara Sungai Bangkong,8,Unhealthy
10/10/23,154.0,Pontianak Tenggara Sungai Bangkong,8,Unhealthy
10/11/23,78.0,Pontianak Tenggara Sungai Bangkong,8,Moderate
10/12/23,59.0,Pontianak Tenggara Sungai Bangkong,8,Moderate
10/13/23,59.0,Pontianak Tenggara Sungai Bangkong,8,Moderate
10/14/23,87.0,Pontianak Tenggara Sungai Bangkong,8,Moderate
10/15/23,62.0,Pontianak Tenggara Sungai Bangkong,8,Moderate
10/16/23,54.0,Pontianak Tenggara Sungai Bangkong,8,Moderate
10/17/23,42.0,Pontianak Tenggara Sungai Bangkong,8,Good
10/18/23,56.0,Pontianak Tenggara Sungai Bangkong,8,Moderate
10/19/23,80.0,Pontianak Tenggara Sungai Bangkong,8,Moderate
10/20/23,82.0,Pontianak Tenggara Sungai Bangkong,8,Moderate
10/21/23,20.0,Pontianak Tenggara Sungai Bangkong,8,Good
10/22/23,19.0,Pontianak Tenggara Sungai Bangkong,8,Good
10/23/23,47.0,Pontianak Tenggara Sungai Bangkong,8,Good
10/24/23,52.0,Pontianak Tenggara Sungai Bangkong,8,Moderate
10/25/23,52.0,Pontianak Tenggara Sungai Bangkong,8,Moderate
10/26/23,46.0,Pontianak Tenggara Sungai Bangkong,8,Good
10/27/23,52.0,Pontianak Tenggara Sungai Bangkong,8,Moderate
10/28/23,46.0,Pontianak Tenggara Sungai Bangkong,8,Good
10/29/23,115.0,Pontianak Tenggara Sungai Bangkong,8,Unhealthy for Sensitive Groups
10/30/23,121.0,Pontianak Tenggara Sungai Bangkong,8,Unhealthy for Sensitive Groups
10/31/23,182.0,Pontianak Tenggara Sungai Bangkong,8,Unhealthy
11/1/23,172.0,Pontianak Tenggara Sungai Bangkong,8,Unhealthy
11/2/23,161.0,Pontianak Tenggara Sungai Bangkong,8,Unhealthy
11/3/23,152.0,Pontianak Tenggara Sungai Bangkong,8,Unhealthy
11/4/23,143.0,Pontianak Tenggara Sungai Bangkong,8,Unhealthy for Sensitive Groups
11/5/23,108.0,Pontianak Tenggara Sungai Bangkong,8,Unhealthy for Sensitive Groups
11/6/23,138.0,Pontianak Tenggara Sungai Bangkong,8,Unhealthy for Sensitive Groups
11/7/23,91.0,Pontianak Tenggara Sungai Bangkong,8,Moderate
11/8/23,91.0,Pontianak Tenggara Sungai Bangkong,8,Moderate
11/9/23,91.0,Pontianak Tenggara Sungai Bangkong,8,Moderate
11/10/23,91.0,Pontianak Tenggara Sungai Bangkong,8,Moderate
11/11/23,93.0,Pontianak Tenggara Sungai Bangkong,8,Moderate
11/12/23,130.0,Pontianak Tenggara Sungai Bangkong,8,Unhealthy for Sensitive Groups
11/13/23,121.0,Pontianak Tenggara Sungai Bangkong,8,Unhealthy for Sensitive Groups
11/14/23,121.0,Pontianak Tenggara Sungai Bangkong,8,Unhealthy for Sensitive Groups
11/15/23,112.0,Pontianak Tenggara Sungai Bangkong,8,Unhealthy for Sensitive Groups
11/16/23,137.0,Pontianak Tenggara Sungai Bangkong,8,Unhealthy for Sensitive Groups
11/17/23,172.0,Pontianak Tenggara Sungai Bangkong,8,Unhealthy
11/18/23,158.0,Pontianak Tenggara Sungai Bangkong,8,Unhealthy
11/20/23,91.0,Pontianak Tenggara Sungai Bangkong,8,Moderate
11/21/23,91.0,Pontianak Tenggara Sungai Bangkong,8,Moderate
11/22/23,17.0,Pontianak Tenggara Sungai Bangkong,8,Good
11/23/23,14.0,Pontianak Tenggara Sungai Bangkong,8,Good
11/24/23,11.0,Pontianak Tenggara Sungai Bangkong,8,Good
11/25/23,182.0,Pontianak Tenggara Sungai Bangkong,8,Unhealthy
11/26/23,172.0,Pontianak Tenggara Sungai Bangkong,8,Unhealthy
11/27/23,161.0,Pontianak Tenggara Sungai Bangkong,8,Unhealthy
11/28/23,152.0,Pontianak Tenggara Sungai Bangkong,8,Unhealthy
11/29/23,143.0,Pontianak Tenggara Sungai Bangkong,8,Unhealthy for Sensitive Groups
11/30/23,108.0,Pontianak Tenggara Sungai Bangkong,8,Unhealthy for Sensitive Groups
12/1/23,138.0,Pontianak Tenggara Sungai Bangkong,8,Unhealthy for Sensitive Groups
12/2/23,91.0,Pontianak Tenggara Sungai Bangkong,8,Moderate
12/3/23,91.0,Pontianak Tenggara Sungai Bangkong,8,Moderate
12/8/23,91.0,Pontianak Tenggara Sungai Bangkong,8,Moderate
12/9/23,91.0,Pontianak Tenggara Sungai Bangkong,8,Moderate
12/10/23,93.0,Pontianak Tenggara Sungai Bangkong,8,Moderate
12/11/23,130.0,Pontianak Tenggara Sungai Bangkong,8,Unhealthy for Sensitive Groups
12/12/23,301.0,Pontianak Tenggara Sungai Bangkong,8,Hazardous
12/13/23,179.0,Pontianak Tenggara Sungai Bangkong,8,Unhealthy
12/14/23,189.0,Pontianak Tenggara Sungai Bangkong,8,Unhealthy
12/15/23,159.0,Pontianak Tenggara Sungai Bangkong,8,Unhealthy
12/16/23,136.0,Pontianak Tenggara Sungai Bangkong,8,Unhealthy for Sensitive Groups
12/17/23,119.0,Pontianak Tenggara Sungai Bangkong,8,Unhealthy for Sensitive Groups
12/18/23,184.0,Pontianak Tenggara Sungai Bangkong,8,Unhealthy
12/19/23,202.0,Pontianak Tenggara Sungai Bangkong,8,Very Unhealthy
12/20/23,160.0,Pontianak Tenggara Sungai Bangkong,8,Unhealthy
12/21/23,173.0,Pontianak Tenggara Sungai Bangkong,8,Unhealthy
12/22/23,171.0,Pontianak Tenggara Sungai Bangkong,8,Unhealthy
12/23/23,172.0,Pontianak Tenggara Sungai Bangkong,8,Unhealthy
12/24/23,154.0,Pontianak Tenggara Sungai Bangkong,8,Unhealthy
12/25/23,78.0,Pontianak Tenggara Sungai Bangkong,8,Moderate
12/26/23,59.0,Pontianak Tenggara Sungai Bangkong,8,Moderate
12/27/23,59.0,Pontianak Tenggara Sungai Bangkong,8,Moderate
12/28/23,87.0,Pontianak Tenggara Sungai Bangkong,8,Moderate
12/29/23,62.0,Pontianak Tenggara Sungai Bangkong,8,Moderate
12/30/23,54.0,Pontianak Tenggara Sungai Bangkong,8,Moderate
12/31/23,42.0,Pontianak Tenggara Sungai Bangkong,8,Good
1/1/24,56.0,Pontianak Tenggara Sungai Bangkong,8,Moderate
1/2/24,80.0,Pontianak Tenggara Sungai Bangkong,8,Moderate
1/3/24,65.0,Pontianak Tenggara Sungai Bangkong,8,Moderate
1/4/24,62.0,Pontianak Tenggara Sungai Bangkong,8,Moderate
1/5/24,53.0,Pontianak Tenggara Sungai Bangkong,8,Moderate
1/7/24,65.0,Pontianak Tenggara Sungai Bangkong,8,Moderate
1/8/24,45.0,Pontianak Tenggara Sungai Bangkong,8,Good
1/9/24,59.0,Pontianak Tenggara Sungai Bangkong,8,Moderate
1/10/24,38.0,Pontianak Tenggara Sungai Bangkong,8,Good
1/11/24,54.0,Pontianak Tenggara Sungai Bangkong,8,Moderate
1/12/24,57.0,Pontianak Tenggara Sungai Bangkong,8,Moderate
1/13/24,60.0,Pontianak Tenggara Sungai Bangkong,8,Moderate
1/14/24,53.0,Pontianak Tenggara Sungai Bangkong,8,Moderate
1/29/24,65.0,Pontianak Tenggara Sungai Bangkong,8,Moderate
1/30/24,53.0,Pontianak Tenggara Sungai Bangkong,8,Moderate
1/31/24,65.0,Pontianak Tenggara Sungai Bangkong,8,Moderate
2/1/24,71.0,Pontianak Tenggara Sungai Bangkong,8,Moderate
2/2/24,71.0,Pontianak Tenggara Sungai Bangkong,8,Moderate
2/3/24,76.0,Pontianak Tenggara Sungai Bangkong,8,Moderate
2/4/24,66.0,Pontianak Tenggara Sungai Bangkong,8,Moderate
2/5/24,79.0,Pontianak Tenggara Sungai Bangkong,8,Moderate
2/6/24,72.0,Pontianak Tenggara Sungai Bangkong,8,Moderate
2/7/24,69.0,Pontianak Tenggara Sungai Bangkong,8,Moderate
2/8/24,67.0,Pontianak Tenggara Sungai Bangkong,8,Moderate
2/9/24,61.0,Pontianak Tenggara Sungai Bangkong,8,Moderate
2/10/24,51.0,Pontianak Tenggara Sungai Bangkong,8,Moderate
2/11/24,58.0,Pontianak Tenggara Sungai Bangkong,8,Moderate
2/12/24,58.0,Pontianak Tenggara Sungai Bangkong,8,Moderate
2/13/24,55.0,Pontianak Tenggara Sungai Bangkong,8,Moderate
2/14/24,71.0,Pontianak Tenggara Sungai Bangkong,8,Moderate
2/15/24,63.0,Pontianak Tenggara Sungai Bangkong,8,Moderate
