date,pm 2.5,stasiun
9/27/23,65,Balikpapan Sepinggan
9/28/23,63,Balikpapan Sepinggan
9/29/23,57,Balikpapan Sepinggan
9/30/23,46,Balikpapan Sepinggan
10/1/23,37,Balikpapan Sepinggan
10/2/23,55,Balikpapan Sepinggan
10/3/23,54,Balikpapan Sepinggan
10/4/23,62,Balikpapan Sepinggan
10/5/23,64,Balikpapan Sepinggan
10/6/23,63,Balikpapan Sepinggan
10/7/23,59,Balikpapan Sepinggan
10/8/23,51,Balikpapan Sepinggan
10/9/23,54,Balikpapan Sepinggan
10/10/23,58,Balikpapan Sepinggan
10/11/23,60,Balikpapan Sepinggan
10/12/23,67,Balikpapan Sepinggan
10/13/23,67,Balikpapan Sepinggan
10/14/23,65,Balikpapan Sepinggan
10/15/23,62,Balikpapan Sepinggan
10/16/23,53,Balikpapan Sepinggan
10/17/23,65,Balikpapan Sepinggan
10/18/23,45,Balikpapan Sepinggan
10/19/23,59,Balikpapan Sepinggan
10/20/23,38,Balikpapan Sepinggan
10/21/23,54,Balikpapan Sepinggan
10/22/23,57,Balikpapan Sepinggan
10/23/23,60,Balikpapan Sepinggan
10/24/23,53,Balikpapan Sepinggan
10/25/23,65,Balikpapan Sepinggan
10/26/23,53,Balikpapan Sepinggan
10/27/23,65,Balikpapan Sepinggan
10/28/23,71,Balikpapan Sepinggan
10/29/23,71,Balikpapan Sepinggan
10/30/23,76,Balikpapan Sepinggan
10/31/23,66,Balikpapan Sepinggan
11/1/23,79,Balikpapan Sepinggan
11/2/23,72,Balikpapan Sepinggan
11/3/23,69,Balikpapan Sepinggan
11/4/23,67,Balikpapan Sepinggan
11/5/23,61,Balikpapan Sepinggan
11/6/23,51,Balikpapan Sepinggan
11/7/23,58,Balikpapan Sepinggan
11/8/23,58,Balikpapan Sepinggan
11/9/23,55,Balikpapan Sepinggan
11/10/23,71,Balikpapan Sepinggan
11/11/23,63,Balikpapan Sepinggan
11/12/23,68,Balikpapan Sepinggan
11/13/23,67,Balikpapan Sepinggan
11/14/23,57,Balikpapan Sepinggan
11/15/23,59,Balikpapan Sepinggan
11/16/23,62,Balikpapan Sepinggan
11/17/23,71,Balikpapan Sepinggan
11/18/23,null,Balikpapan Sepinggan
11/19/23,null,Balikpapan Sepinggan
11/20/23,54,Balikpapan Sepinggan
11/21/23,56,Balikpapan Sepinggan
11/22/23,56,Balikpapan Sepinggan
11/23/23,49,Balikpapan Sepinggan
11/24/23,48,Balikpapan Sepinggan
11/25/23,60,Balikpapan Sepinggan
11/26/23,67,Balikpapan Sepinggan
11/27/23,67,Balikpapan Sepinggan
11/28/23,65,Balikpapan Sepinggan
11/29/23,62,Balikpapan Sepinggan
11/30/23,53,Balikpapan Sepinggan
12/1/23,65,Balikpapan Sepinggan
12/2/23,45,Balikpapan Sepinggan
12/3/23,59,Balikpapan Sepinggan
12/8/23,38,Balikpapan Sepinggan
12/9/23,54,Balikpapan Sepinggan
12/10/23,57,Balikpapan Sepinggan
12/11/23,60,Balikpapan Sepinggan
12/12/23,53,Balikpapan Sepinggan
12/13/23,65,Balikpapan Sepinggan
12/14/23,53,Balikpapan Sepinggan
12/15/23,65,Balikpapan Sepinggan
12/16/23,71,Balikpapan Sepinggan
12/17/23,71,Balikpapan Sepinggan
12/18/23,76,Balikpapan Sepinggan
12/19/23,66,Balikpapan Sepinggan
12/20/23,79,Balikpapan Sepinggan
12/21/23,72,Balikpapan Sepinggan
12/22/23,69,Balikpapan Sepinggan
12/23/23,67,Balikpapan Sepinggan
12/24/23,61,Balikpapan Sepinggan
12/25/23,51,Balikpapan Sepinggan
12/26/23,58,Balikpapan Sepinggan
12/27/23,58,Balikpapan Sepinggan
12/28/23,55,Balikpapan Sepinggan
12/29/23,63,Balikpapan Sepinggan
12/30/23,57,Balikpapan Sepinggan
12/31/23,46,Balikpapan Sepinggan
1/1/24,37,Balikpapan Sepinggan
1/2/24,55,Balikpapan Sepinggan
1/3/24,54,Balikpapan Sepinggan
1/4/24,62,Balikpapan Sepinggan
1/5/24,64,Balikpapan Sepinggan
1/7/24,63,Balikpapan Sepinggan
1/8/24,59,Balikpapan Sepinggan
1/9/24,51,Balikpapan Sepinggan
1/10/24,54,Balikpapan Sepinggan
1/11/24,58,Balikpapan Sepinggan
1/12/24,60,Balikpapan Sepinggan
1/13/24,67,Balikpapan Sepinggan
1/14/24,67,Balikpapan Sepinggan
1/29/24,65,Balikpapan Sepinggan
1/30/24,62,Balikpapan Sepinggan
1/31/24,53,Balikpapan Sepinggan
2/1/24,65,Balikpapan Sepinggan
2/2/24,45,Balikpapan Sepinggan
2/3/24,59,Balikpapan Sepinggan
2/4/24,38,Balikpapan Sepinggan
2/5/24,54,Balikpapan Sepinggan
2/6/24,57,Balikpapan Sepinggan
2/7/24,60,Balikpapan Sepinggan
2/8/24,53,Balikpapan Sepinggan
2/9/24,65,Balikpapan Sepinggan
2/10/24,53,Balikpapan Sepinggan
2/11/24,65,Balikpapan Sepinggan
2/12/24,71,Balikpapan Sepinggan
2/13/24,71,Balikpapan Sepinggan
2/14/24,76,Balikpapan Sepinggan
2/15/24,66,Balikpapan Sepinggan
9/27/23,186,Banjar Baru Landasan Ulin
9/28/23,169,Banjar Baru Landasan Ulin
9/29/23,196,Banjar Baru Landasan Ulin
9/30/23,215,Banjar Baru Landasan Ulin
10/1/23,125,Banjar Baru Landasan Ulin
10/2/23,157,Banjar Baru Landasan Ulin
10/3/23,172,Banjar Baru Landasan Ulin
10/4/23,180,Banjar Baru Landasan Ulin
10/5/23,137,Banjar Baru Landasan Ulin
10/6/23,111,Banjar Baru Landasan Ulin
10/7/23,106,Banjar Baru Landasan Ulin
10/8/23,120,Banjar Baru Landasan Ulin
10/9/23,181,Banjar Baru Landasan Ulin
10/10/23,152,Banjar Baru Landasan Ulin
10/11/23,115,Banjar Baru Landasan Ulin
10/12/23,121,Banjar Baru Landasan Ulin
10/13/23,182,Banjar Baru Landasan Ulin
10/14/23,172,Banjar Baru Landasan Ulin
10/15/23,161,Banjar Baru Landasan Ulin
10/16/23,152,Banjar Baru Landasan Ulin
10/17/23,143,Banjar Baru Landasan Ulin
10/18/23,108,Banjar Baru Landasan Ulin
10/19/23,138,Banjar Baru Landasan Ulin
10/20/23,91,Banjar Baru Landasan Ulin
10/21/23,91,Banjar Baru Landasan Ulin
10/22/23,91,Banjar Baru Landasan Ulin
10/23/23,91,Banjar Baru Landasan Ulin
10/24/23,93,Banjar Baru Landasan Ulin
10/25/23,130,Banjar Baru Landasan Ulin
10/26/23,121,Banjar Baru Landasan Ulin
10/27/23,121,Banjar Baru Landasan Ulin
10/28/23,112,Banjar Baru Landasan Ulin
10/29/23,137,Banjar Baru Landasan Ulin
10/30/23,172,Banjar Baru Landasan Ulin
10/31/23,158,Banjar Baru Landasan Ulin
11/1/23,null,Banjar Baru Landasan Ulin
11/2/23,null,Banjar Baru Landasan Ulin
11/3/23,null,Banjar Baru Landasan Ulin
11/4/23,null,Banjar Baru Landasan Ulin
11/5/23,null,Banjar Baru Landasan Ulin
11/6/23,92,Banjar Baru Landasan Ulin
11/7/23,109,Banjar Baru Landasan Ulin
11/8/23,81,Banjar Baru Landasan Ulin
11/9/23,88,Banjar Baru Landasan Ulin
11/10/23,94,Banjar Baru Landasan Ulin
11/11/23,78,Banjar Baru Landasan Ulin
11/12/23,117,Banjar Baru Landasan Ulin
11/13/23,92,Banjar Baru Landasan Ulin
11/14/23,67,Banjar Baru Landasan Ulin
11/15/23,77,Banjar Baru Landasan Ulin
11/16/23,75,Banjar Baru Landasan Ulin
11/17/23,75,Banjar Baru Landasan Ulin
11/18/23,80,Banjar Baru Landasan Ulin
11/19/23,67,Banjar Baru Landasan Ulin
11/20/23,75,Banjar Baru Landasan Ulin
11/21/23,71,Banjar Baru Landasan Ulin
11/22/23,64,Banjar Baru Landasan Ulin
11/23/23,52,Banjar Baru Landasan Ulin
11/24/23,46,Banjar Baru Landasan Ulin
11/25/23,115,Banjar Baru Landasan Ulin
11/26/23,121,Banjar Baru Landasan Ulin
11/27/23,182,Banjar Baru Landasan Ulin
11/28/23,172,Banjar Baru Landasan Ulin
11/29/23,161,Banjar Baru Landasan Ulin
11/30/23,152,Banjar Baru Landasan Ulin
12/1/23,143,Banjar Baru Landasan Ulin
12/2/23,108,Banjar Baru Landasan Ulin
12/3/23,138,Banjar Baru Landasan Ulin
12/8/23,91,Banjar Baru Landasan Ulin
12/9/23,91,Banjar Baru Landasan Ulin
12/10/23,91,Banjar Baru Landasan Ulin
12/11/23,91,Banjar Baru Landasan Ulin
12/12/23,93,Banjar Baru Landasan Ulin
12/13/23,130,Banjar Baru Landasan Ulin
12/14/23,121,Banjar Baru Landasan Ulin
12/15/23,121,Banjar Baru Landasan Ulin
12/16/23,112,Banjar Baru Landasan Ulin
12/17/23,137,Banjar Baru Landasan Ulin
12/18/23,172,Banjar Baru Landasan Ulin
12/19/23,158,Banjar Baru Landasan Ulin
12/20/23,null,Banjar Baru Landasan Ulin
12/21/23,null,Banjar Baru Landasan Ulin
12/22/23,null,Banjar Baru Landasan Ulin
12/23/23,null,Banjar Baru Landasan Ulin
12/24/23,null,Banjar Baru Landasan Ulin
12/25/23,92,Banjar Baru Landasan Ulin
12/26/23,109,Banjar Baru Landasan Ulin
12/27/23,81,Banjar Baru Landasan Ulin
12/28/23,88,Banjar Baru Landasan Ulin
12/29/23,169,Banjar Baru Landasan Ulin
12/30/23,196,Banjar Baru Landasan Ulin
12/31/23,215,Banjar Baru Landasan Ulin
1/1/24,125,Banjar Baru Landasan Ulin
1/2/24,157,Banjar Baru Landasan Ulin
1/3/24,172,Banjar Baru Landasan Ulin
1/4/24,180,Banjar Baru Landasan Ulin
1/5/24,137,Banjar Baru Landasan Ulin
1/7/24,111,Banjar Baru Landasan Ulin
1/8/24,106,Banjar Baru Landasan Ulin
1/9/24,120,Banjar Baru Landasan Ulin
1/10/24,181,Banjar Baru Landasan Ulin
1/11/24,152,Banjar Baru Landasan Ulin
1/12/24,115,Banjar Baru Landasan Ulin
1/13/24,121,Banjar Baru Landasan Ulin
1/14/24,182,Banjar Baru Landasan Ulin
1/29/24,172,Banjar Baru Landasan Ulin
1/30/24,161,Banjar Baru Landasan Ulin
1/31/24,152,Banjar Baru Landasan Ulin
2/1/24,143,Banjar Baru Landasan Ulin
2/2/24,108,Banjar Baru Landasan Ulin
2/3/24,138,Banjar Baru Landasan Ulin
2/4/24,91,Banjar Baru Landasan Ulin
2/5/24,91,Banjar Baru Landasan Ulin
2/6/24,91,Banjar Baru Landasan Ulin
2/7/24,91,Banjar Baru Landasan Ulin
2/8/24,93,Banjar Baru Landasan Ulin
2/9/24,130,Banjar Baru Landasan Ulin
2/10/24,121,Banjar Baru Landasan Ulin
2/11/24,121,Banjar Baru Landasan Ulin
2/12/24,112,Banjar Baru Landasan Ulin
2/13/24,137,Banjar Baru Landasan Ulin
2/14/24,172,Banjar Baru Landasan Ulin
2/15/24,158,Banjar Baru Landasan Ulin
9/27/23,191,Banjarmasin Kayu Tangi
9/28/23,189,Banjarmasin Kayu Tangi
9/29/23,166,Banjarmasin Kayu Tangi
9/30/23,166,Banjarmasin Kayu Tangi
10/1/23,197,Banjarmasin Kayu Tangi
10/2/23,183,Banjarmasin Kayu Tangi
10/3/23,247,Banjarmasin Kayu Tangi
10/4/23,209,Banjarmasin Kayu Tangi
10/5/23,131,Banjarmasin Kayu Tangi
10/6/23,154,Banjarmasin Kayu Tangi
10/7/23,153,Banjarmasin Kayu Tangi
10/8/23,180,Banjarmasin Kayu Tangi
10/9/23,163,Banjarmasin Kayu Tangi
10/10/23,102,Banjarmasin Kayu Tangi
10/11/23,153,Banjarmasin Kayu Tangi
10/12/23,167,Banjarmasin Kayu Tangi
10/13/23,157,Banjarmasin Kayu Tangi
10/14/23,129,Banjarmasin Kayu Tangi
10/15/23,115,Banjarmasin Kayu Tangi
10/16/23,71,Banjarmasin Kayu Tangi
10/17/23,66,Banjarmasin Kayu Tangi
10/18/23,68,Banjarmasin Kayu Tangi
10/19/23,64,Banjarmasin Kayu Tangi
10/20/23,49,Banjarmasin Kayu Tangi
10/21/23,78,Banjarmasin Kayu Tangi
10/22/23,71,Banjarmasin Kayu Tangi
10/23/23,58,Banjarmasin Kayu Tangi
10/24/23,55,Banjarmasin Kayu Tangi
10/25/23,66,Banjarmasin Kayu Tangi
10/26/23,66,Banjarmasin Kayu Tangi
10/27/23,69,Banjarmasin Kayu Tangi
10/28/23,82,Banjarmasin Kayu Tangi
10/29/23,93,Banjarmasin Kayu Tangi
10/30/23,89,Banjarmasin Kayu Tangi
10/31/23,92,Banjarmasin Kayu Tangi
11/1/23,152,Banjarmasin Kayu Tangi
11/2/23,106,Banjarmasin Kayu Tangi
11/3/23,97,Banjarmasin Kayu Tangi
11/4/23,88,Banjarmasin Kayu Tangi
11/5/23,75,Banjarmasin Kayu Tangi
11/6/23,61,Banjarmasin Kayu Tangi
11/7/23,74,Banjarmasin Kayu Tangi
11/8/23,63,Banjarmasin Kayu Tangi
11/9/23,66,Banjarmasin Kayu Tangi
11/10/23,87,Banjarmasin Kayu Tangi
11/11/23,77,Banjarmasin Kayu Tangi
11/12/23,96,Banjarmasin Kayu Tangi
11/13/23,64,Banjarmasin Kayu Tangi
11/14/23,70,Banjarmasin Kayu Tangi
11/15/23,66,Banjarmasin Kayu Tangi
11/16/23,64,Banjarmasin Kayu Tangi
11/17/23,55,Banjarmasin Kayu Tangi
11/18/23,58,Banjarmasin Kayu Tangi
11/19/23,59,Banjarmasin Kayu Tangi
11/20/23,70,Banjarmasin Kayu Tangi
11/21/23,69,Banjarmasin Kayu Tangi
11/22/23,62,Banjarmasin Kayu Tangi
11/23/23,56,Banjarmasin Kayu Tangi
11/24/23,43,Banjarmasin Kayu Tangi
11/25/23,153,Banjarmasin Kayu Tangi
11/26/23,167,Banjarmasin Kayu Tangi
11/27/23,157,Banjarmasin Kayu Tangi
11/28/23,129,Banjarmasin Kayu Tangi
11/29/23,115,Banjarmasin Kayu Tangi
11/30/23,71,Banjarmasin Kayu Tangi
12/1/23,66,Banjarmasin Kayu Tangi
12/2/23,68,Banjarmasin Kayu Tangi
12/3/23,64,Banjarmasin Kayu Tangi
12/8/23,49,Banjarmasin Kayu Tangi
12/9/23,78,Banjarmasin Kayu Tangi
12/10/23,71,Banjarmasin Kayu Tangi
12/11/23,58,Banjarmasin Kayu Tangi
12/12/23,55,Banjarmasin Kayu Tangi
12/13/23,66,Banjarmasin Kayu Tangi
12/14/23,66,Banjarmasin Kayu Tangi
12/15/23,69,Banjarmasin Kayu Tangi
12/16/23,82,Banjarmasin Kayu Tangi
12/17/23,93,Banjarmasin Kayu Tangi
12/18/23,89,Banjarmasin Kayu Tangi
12/19/23,92,Banjarmasin Kayu Tangi
12/20/23,152,Banjarmasin Kayu Tangi
12/21/23,106,Banjarmasin Kayu Tangi
12/22/23,97,Banjarmasin Kayu Tangi
12/23/23,88,Banjarmasin Kayu Tangi
12/24/23,75,Banjarmasin Kayu Tangi
12/25/23,61,Banjarmasin Kayu Tangi
12/26/23,74,Banjarmasin Kayu Tangi
12/27/23,63,Banjarmasin Kayu Tangi
12/28/23,66,Banjarmasin Kayu Tangi
12/29/23,189,Banjarmasin Kayu Tangi
12/30/23,166,Banjarmasin Kayu Tangi
12/31/23,166,Banjarmasin Kayu Tangi
1/1/24,197,Banjarmasin Kayu Tangi
1/2/24,183,Banjarmasin Kayu Tangi
1/3/24,247,Banjarmasin Kayu Tangi
1/4/24,209,Banjarmasin Kayu Tangi
1/5/24,131,Banjarmasin Kayu Tangi
1/7/24,154,Banjarmasin Kayu Tangi
1/8/24,153,Banjarmasin Kayu Tangi
1/9/24,180,Banjarmasin Kayu Tangi
1/10/24,163,Banjarmasin Kayu Tangi
1/11/24,102,Banjarmasin Kayu Tangi
1/12/24,153,Banjarmasin Kayu Tangi
1/13/24,167,Banjarmasin Kayu Tangi
1/14/24,157,Banjarmasin Kayu Tangi
1/29/24,129,Banjarmasin Kayu Tangi
1/30/24,115,Banjarmasin Kayu Tangi
1/31/24,71,Banjarmasin Kayu Tangi
2/1/24,66,Banjarmasin Kayu Tangi
2/2/24,68,Banjarmasin Kayu Tangi
2/3/24,64,Banjarmasin Kayu Tangi
2/4/24,49,Banjarmasin Kayu Tangi
2/5/24,78,Banjarmasin Kayu Tangi
2/6/24,71,Banjarmasin Kayu Tangi
2/7/24,58,Banjarmasin Kayu Tangi
2/8/24,55,Banjarmasin Kayu Tangi
2/9/24,66,Banjarmasin Kayu Tangi
2/10/24,66,Banjarmasin Kayu Tangi
2/11/24,69,Banjarmasin Kayu Tangi
2/12/24,82,Banjarmasin Kayu Tangi
2/13/24,93,Banjarmasin Kayu Tangi
2/14/24,89,Banjarmasin Kayu Tangi
2/15/24,92,Banjarmasin Kayu Tangi
9/27/23,173,Kabupaten Barito Selatan Sanggu
9/28/23,181,Kabupaten Barito Selatan Sanggu
9/29/23,267,Kabupaten Barito Selatan Sanggu
9/30/23,282,Kabupaten Barito Selatan Sanggu
10/1/23,282,Kabupaten Barito Selatan Sanggu
10/2/23,337,Kabupaten Barito Selatan Sanggu
10/3/23,332,Kabupaten Barito Selatan Sanggu
10/4/23,272,Kabupaten Barito Selatan Sanggu
10/5/23,181,Kabupaten Barito Selatan Sanggu
10/6/23,167,Kabupaten Barito Selatan Sanggu
10/7/23,156,Kabupaten Barito Selatan Sanggu
10/8/23,120,Kabupaten Barito Selatan Sanggu
10/9/23,61,Kabupaten Barito Selatan Sanggu
10/10/23,83,Kabupaten Barito Selatan Sanggu
10/11/23,137,Kabupaten Barito Selatan Sanggu
10/12/23,128,Kabupaten Barito Selatan Sanggu
10/13/23,203,Kabupaten Barito Selatan Sanggu
10/14/23,182,Kabupaten Barito Selatan Sanggu
10/15/23,126,Kabupaten Barito Selatan Sanggu
10/16/23,55,Kabupaten Barito Selatan Sanggu
10/17/23,42,Kabupaten Barito Selatan Sanggu
10/18/23,52,Kabupaten Barito Selatan Sanggu
10/19/23,84,Kabupaten Barito Selatan Sanggu
10/20/23,56,Kabupaten Barito Selatan Sanggu
10/21/23,46,Kabupaten Barito Selatan Sanggu
10/22/23,41,Kabupaten Barito Selatan Sanggu
10/23/23,36,Kabupaten Barito Selatan Sanggu
10/24/23,16,Kabupaten Barito Selatan Sanggu
10/25/23,22,Kabupaten Barito Selatan Sanggu
10/26/23,21,Kabupaten Barito Selatan Sanggu
10/27/23,null,Kabupaten Barito Selatan Sanggu
10/28/23,56,Kabupaten Barito Selatan Sanggu
10/29/23,61,Kabupaten Barito Selatan Sanggu
10/30/23,72,Kabupaten Barito Selatan Sanggu
10/31/23,142,Kabupaten Barito Selatan Sanggu
11/1/23,91,Kabupaten Barito Selatan Sanggu
11/2/23,null,Kabupaten Barito Selatan Sanggu
11/3/23,null,Kabupaten Barito Selatan Sanggu
11/4/23,25,Kabupaten Barito Selatan Sanggu
11/5/23,23,Kabupaten Barito Selatan Sanggu
11/6/23,70,Kabupaten Barito Selatan Sanggu
11/7/23,30,Kabupaten Barito Selatan Sanggu
11/8/23,40,Kabupaten Barito Selatan Sanggu
11/9/23,null,Kabupaten Barito Selatan Sanggu
11/10/23,59,Kabupaten Barito Selatan Sanggu
11/11/23,90,Kabupaten Barito Selatan Sanggu
11/12/23,58,Kabupaten Barito Selatan Sanggu
11/13/23,26,Kabupaten Barito Selatan Sanggu
11/14/23,32,Kabupaten Barito Selatan Sanggu
11/15/23,43,Kabupaten Barito Selatan Sanggu
11/16/23,24,Kabupaten Barito Selatan Sanggu
11/17/23,21,Kabupaten Barito Selatan Sanggu
11/18/23,14,Kabupaten Barito Selatan Sanggu
11/19/23,25,Kabupaten Barito Selatan Sanggu
11/20/23,29,Kabupaten Barito Selatan Sanggu
11/21/23,45,Kabupaten Barito Selatan Sanggu
11/22/23,40,Kabupaten Barito Selatan Sanggu
11/23/23,null,Kabupaten Barito Selatan Sanggu
11/24/23,16,Kabupaten Barito Selatan Sanggu
11/25/23,137,Kabupaten Barito Selatan Sanggu
11/26/23,128,Kabupaten Barito Selatan Sanggu
11/27/23,203,Kabupaten Barito Selatan Sanggu
11/28/23,182,Kabupaten Barito Selatan Sanggu
11/29/23,126,Kabupaten Barito Selatan Sanggu
11/30/23,55,Kabupaten Barito Selatan Sanggu
12/1/23,42,Kabupaten Barito Selatan Sanggu
12/2/23,52,Kabupaten Barito Selatan Sanggu
12/3/23,84,Kabupaten Barito Selatan Sanggu
12/8/23,56,Kabupaten Barito Selatan Sanggu
12/9/23,46,Kabupaten Barito Selatan Sanggu
12/10/23,41,Kabupaten Barito Selatan Sanggu
12/11/23,36,Kabupaten Barito Selatan Sanggu
12/12/23,16,Kabupaten Barito Selatan Sanggu
12/13/23,22,Kabupaten Barito Selatan Sanggu
12/14/23,21,Kabupaten Barito Selatan Sanggu
12/15/23,null,Kabupaten Barito Selatan Sanggu
12/16/23,56,Kabupaten Barito Selatan Sanggu
12/17/23,61,Kabupaten Barito Selatan Sanggu
12/18/23,72,Kabupaten Barito Selatan Sanggu
12/19/23,142,Kabupaten Barito Selatan Sanggu
12/20/23,91,Kabupaten Barito Selatan Sanggu
12/21/23,null,Kabupaten Barito Selatan Sanggu
12/22/23,null,Kabupaten Barito Selatan Sanggu
12/23/23,25,Kabupaten Barito Selatan Sanggu
12/24/23,23,Kabupaten Barito Selatan Sanggu
12/25/23,70,Kabupaten Barito Selatan Sanggu
12/26/23,30,Kabupaten Barito Selatan Sanggu
12/27/23,40,Kabupaten Barito Selatan Sanggu
12/28/23,null,Kabupaten Barito Selatan Sanggu
12/29/23,181,Kabupaten Barito Selatan Sanggu
12/30/23,267,Kabupaten Barito Selatan Sanggu
12/31/23,282,Kabupaten Barito Selatan Sanggu
1/1/24,282,Kabupaten Barito Selatan Sanggu
1/2/24,337,Kabupaten Barito Selatan Sanggu
1/3/24,332,Kabupaten Barito Selatan Sanggu
1/4/24,272,Kabupaten Barito Selatan Sanggu
1/5/24,181,Kabupaten Barito Selatan Sanggu
1/7/24,167,Kabupaten Barito Selatan Sanggu
1/8/24,156,Kabupaten Barito Selatan Sanggu
1/9/24,120,Kabupaten Barito Selatan Sanggu
1/10/24,61,Kabupaten Barito Selatan Sanggu
1/11/24,83,Kabupaten Barito Selatan Sanggu
1/12/24,137,Kabupaten Barito Selatan Sanggu
1/13/24,128,Kabupaten Barito Selatan Sanggu
1/14/24,203,Kabupaten Barito Selatan Sanggu
1/29/24,182,Kabupaten Barito Selatan Sanggu
1/30/24,126,Kabupaten Barito Selatan Sanggu
1/31/24,55,Kabupaten Barito Selatan Sanggu
2/1/24,42,Kabupaten Barito Selatan Sanggu
2/2/24,52,Kabupaten Barito Selatan Sanggu
2/3/24,84,Kabupaten Barito Selatan Sanggu
2/4/24,56,Kabupaten Barito Selatan Sanggu
2/5/24,46,Kabupaten Barito Selatan Sanggu
2/6/24,41,Kabupaten Barito Selatan Sanggu
2/7/24,36,Kabupaten Barito Selatan Sanggu
2/8/24,16,Kabupaten Barito Selatan Sanggu
2/9/24,22,Kabupaten Barito Selatan Sanggu
2/10/24,21,Kabupaten Barito Selatan Sanggu
2/11/24,null,Kabupaten Barito Selatan Sanggu
2/12/24,56,Kabupaten Barito Selatan Sanggu
2/13/24,61,Kabupaten Barito Selatan Sanggu
2/14/24,72,Kabupaten Barito Selatan Sanggu
2/15/24,142,Kabupaten Barito Selatan Sanggu
9/27/23,77,Kabupaten Kotawaringin Timur
9/28/23,175,Kabupaten Kotawaringin Timur
9/29/23,148,Kabupaten Kotawaringin Timur
9/30/23,178,Kabupaten Kotawaringin Timur
10/1/23,325,Kabupaten Kotawaringin Timur
10/2/23,500,Kabupaten Kotawaringin Timur
10/3/23,500,Kabupaten Kotawaringin Timur
10/4/23,290,Kabupaten Kotawaringin Timur
10/5/23,241,Kabupaten Kotawaringin Timur
10/6/23,301,Kabupaten Kotawaringin Timur
10/7/23,179,Kabupaten Kotawaringin Timur
10/8/23,189,Kabupaten Kotawaringin Timur
10/9/23,159,Kabupaten Kotawaringin Timur
10/10/23,136,Kabupaten Kotawaringin Timur
10/11/23,119,Kabupaten Kotawaringin Timur
10/12/23,184,Kabupaten Kotawaringin Timur
10/13/23,202,Kabupaten Kotawaringin Timur
10/14/23,160,Kabupaten Kotawaringin Timur
10/15/23,173,Kabupaten Kotawaringin Timur
10/16/23,171,Kabupaten Kotawaringin Timur
10/17/23,172,Kabupaten Kotawaringin Timur
10/18/23,154,Kabupaten Kotawaringin Timur
10/19/23,78,Kabupaten Kotawaringin Timur
10/20/23,59,Kabupaten Kotawaringin Timur
10/21/23,59,Kabupaten Kotawaringin Timur
10/22/23,87,Kabupaten Kotawaringin Timur
10/23/23,62,Kabupaten Kotawaringin Timur
10/24/23,54,Kabupaten Kotawaringin Timur
10/25/23,42,Kabupaten Kotawaringin Timur
10/26/23,56,Kabupaten Kotawaringin Timur
10/27/23,80,Kabupaten Kotawaringin Timur
10/28/23,82,Kabupaten Kotawaringin Timur
10/29/23,88,Kabupaten Kotawaringin Timur
10/30/23,157,Kabupaten Kotawaringin Timur
10/31/23,108,Kabupaten Kotawaringin Timur
11/1/23,108,Kabupaten Kotawaringin Timur
11/2/23,105,Kabupaten Kotawaringin Timur
11/3/23,90,Kabupaten Kotawaringin Timur
11/4/23,57,Kabupaten Kotawaringin Timur
11/5/23,53,Kabupaten Kotawaringin Timur
11/6/23,61,Kabupaten Kotawaringin Timur
11/7/23,55,Kabupaten Kotawaringin Timur
11/8/23,61,Kabupaten Kotawaringin Timur
11/9/23,52,Kabupaten Kotawaringin Timur
11/10/23,54,Kabupaten Kotawaringin Timur
11/11/23,68,Kabupaten Kotawaringin Timur
11/12/23,45,Kabupaten Kotawaringin Timur
11/13/23,49,Kabupaten Kotawaringin Timur
11/14/23,58,Kabupaten Kotawaringin Timur
11/15/23,55,Kabupaten Kotawaringin Timur
11/16/23,42,Kabupaten Kotawaringin Timur
11/17/23,33,Kabupaten Kotawaringin Timur
11/18/23,28,Kabupaten Kotawaringin Timur
11/19/23,43,Kabupaten Kotawaringin Timur
11/20/23,54,Kabupaten Kotawaringin Timur
11/21/23,59,Kabupaten Kotawaringin Timur
11/22/23,50,Kabupaten Kotawaringin Timur
11/23/23,33,Kabupaten Kotawaringin Timur
11/24/23,55,Kabupaten Kotawaringin Timur
11/25/23,19,Kabupaten Kotawaringin Timur
11/26/23,14,Kabupaten Kotawaringin Timur
11/27/23,13,Kabupaten Kotawaringin Timur
11/28/23,18,Kabupaten Kotawaringin Timur
11/29/23,24,Kabupaten Kotawaringin Timur
11/30/23,30,Kabupaten Kotawaringin Timur
12/1/23,19,Kabupaten Kotawaringin Timur
12/2/23,25,Kabupaten Kotawaringin Timur
12/3/23,40,Kabupaten Kotawaringin Timur
12/8/23,22,Kabupaten Kotawaringin Timur
12/9/23,23,Kabupaten Kotawaringin Timur
12/10/23,22,Kabupaten Kotawaringin Timur
12/11/23,34,Kabupaten Kotawaringin Timur
12/12/23,52,Kabupaten Kotawaringin Timur
12/13/23,52,Kabupaten Kotawaringin Timur
12/14/23,60,Kabupaten Kotawaringin Timur
12/15/23,61,Kabupaten Kotawaringin Timur
12/16/23,58,Kabupaten Kotawaringin Timur
12/17/23,61,Kabupaten Kotawaringin Timur
12/18/23,53,Kabupaten Kotawaringin Timur
12/19/23,55,Kabupaten Kotawaringin Timur
12/20/23,55,Kabupaten Kotawaringin Timur
12/21/23,59,Kabupaten Kotawaringin Timur
12/22/23,63,Kabupaten Kotawaringin Timur
12/23/23,59,Kabupaten Kotawaringin Timur
12/24/23,52,Kabupaten Kotawaringin Timur
12/25/23,22,Kabupaten Kotawaringin Timur
12/26/23,22,Kabupaten Kotawaringin Timur
12/27/23,24,Kabupaten Kotawaringin Timur
12/28/23,28,Kabupaten Kotawaringin Timur
12/29/23,175,Kabupaten Kotawaringin Timur
12/30/23,148,Kabupaten Kotawaringin Timur
12/31/23,178,Kabupaten Kotawaringin Timur
1/1/24,325,Kabupaten Kotawaringin Timur
1/2/24,500,Kabupaten Kotawaringin Timur
1/3/24,500,Kabupaten Kotawaringin Timur
1/4/24,290,Kabupaten Kotawaringin Timur
1/5/24,241,Kabupaten Kotawaringin Timur
1/7/24,301,Kabupaten Kotawaringin Timur
1/8/24,179,Kabupaten Kotawaringin Timur
1/9/24,189,Kabupaten Kotawaringin Timur
1/10/24,159,Kabupaten Kotawaringin Timur
1/11/24,136,Kabupaten Kotawaringin Timur
1/12/24,119,Kabupaten Kotawaringin Timur
1/13/24,184,Kabupaten Kotawaringin Timur
1/14/24,202,Kabupaten Kotawaringin Timur
1/29/24,160,Kabupaten Kotawaringin Timur
1/30/24,173,Kabupaten Kotawaringin Timur
1/31/24,171,Kabupaten Kotawaringin Timur
2/1/24,172,Kabupaten Kotawaringin Timur
2/2/24,154,Kabupaten Kotawaringin Timur
2/3/24,78,Kabupaten Kotawaringin Timur
2/4/24,59,Kabupaten Kotawaringin Timur
2/5/24,59,Kabupaten Kotawaringin Timur
2/6/24,87,Kabupaten Kotawaringin Timur
2/7/24,62,Kabupaten Kotawaringin Timur
2/8/24,54,Kabupaten Kotawaringin Timur
2/9/24,42,Kabupaten Kotawaringin Timur
2/10/24,56,Kabupaten Kotawaringin Timur
2/11/24,80,Kabupaten Kotawaringin Timur
2/12/24,82,Kabupaten Kotawaringin Timur
2/13/24,88,Kabupaten Kotawaringin Timur
2/14/24,157,Kabupaten Kotawaringin Timur
2/15/24,108,Kabupaten Kotawaringin Timur
9/27/23,null,Kabupaten Sanggau Kapuas
9/28/23,null,Kabupaten Sanggau Kapuas
9/29/23,78,Kabupaten Sanggau Kapuas
9/30/23,70,Kabupaten Sanggau Kapuas
10/1/23,93,Kabupaten Sanggau Kapuas
10/2/23,106,Kabupaten Sanggau Kapuas
10/3/23,121,Kabupaten Sanggau Kapuas
10/4/23,132,Kabupaten Sanggau Kapuas
10/5/23,133,Kabupaten Sanggau Kapuas
10/6/23,143,Kabupaten Sanggau Kapuas
10/7/23,152,Kabupaten Sanggau Kapuas
10/8/23,71,Kabupaten Sanggau Kapuas
10/9/23,33,Kabupaten Sanggau Kapuas
10/10/23,38,Kabupaten Sanggau Kapuas
10/11/23,60,Kabupaten Sanggau Kapuas
10/12/23,64,Kabupaten Sanggau Kapuas
10/13/23,78,Kabupaten Sanggau Kapuas
10/14/23,63,Kabupaten Sanggau Kapuas
10/15/23,39,Kabupaten Sanggau Kapuas
10/16/23,66,Kabupaten Sanggau Kapuas
10/17/23,78,Kabupaten Sanggau Kapuas
10/18/23,52,Kabupaten Sanggau Kapuas
10/19/23,38,Kabupaten Sanggau Kapuas
10/20/23,49,Kabupaten Sanggau Kapuas
10/21/23,44,Kabupaten Sanggau Kapuas
10/22/23,32,Kabupaten Sanggau Kapuas
10/23/23,25,Kabupaten Sanggau Kapuas
10/24/23,20,Kabupaten Sanggau Kapuas
10/25/23,null,Kabupaten Sanggau Kapuas
10/26/23,32,Kabupaten Sanggau Kapuas
10/27/23,38,Kabupaten Sanggau Kapuas
10/28/23,39,Kabupaten Sanggau Kapuas
10/29/23,33,Kabupaten Sanggau Kapuas
10/30/23,24,Kabupaten Sanggau Kapuas
10/31/23,31,Kabupaten Sanggau Kapuas
11/1/23,54,Kabupaten Sanggau Kapuas
11/2/23,61,Kabupaten Sanggau Kapuas
11/3/23,43,Kabupaten Sanggau Kapuas
11/4/23,29,Kabupaten Sanggau Kapuas
11/5/23,52,Kabupaten Sanggau Kapuas
11/6/23,29,Kabupaten Sanggau Kapuas
11/7/23,18,Kabupaten Sanggau Kapuas
11/8/23,28,Kabupaten Sanggau Kapuas
11/9/23,31,Kabupaten Sanggau Kapuas
11/10/23,48,Kabupaten Sanggau Kapuas
11/11/23,27,Kabupaten Sanggau Kapuas
11/12/23,22,Kabupaten Sanggau Kapuas
11/13/23,23,Kabupaten Sanggau Kapuas
11/14/23,41,Kabupaten Sanggau Kapuas
11/15/23,31,Kabupaten Sanggau Kapuas
11/16/23,22,Kabupaten Sanggau Kapuas
11/17/23,20,Kabupaten Sanggau Kapuas
11/18/23,19,Kabupaten Sanggau Kapuas
11/19/23,47,Kabupaten Sanggau Kapuas
11/20/23,52,Kabupaten Sanggau Kapuas
11/21/23,52,Kabupaten Sanggau Kapuas
11/22/23,46,Kabupaten Sanggau Kapuas
11/23/23,52,Kabupaten Sanggau Kapuas
11/24/23,46,Kabupaten Sanggau Kapuas
11/25/23,115,Kabupaten Sanggau Kapuas
11/26/23,121,Kabupaten Sanggau Kapuas
11/27/23,182,Kabupaten Sanggau Kapuas
11/28/23,172,Kabupaten Sanggau Kapuas
11/29/23,161,Kabupaten Sanggau Kapuas
11/30/23,152,Kabupaten Sanggau Kapuas
12/1/23,143,Kabupaten Sanggau Kapuas
12/2/23,108,Kabupaten Sanggau Kapuas
12/3/23,138,Kabupaten Sanggau Kapuas
12/8/23,91,Kabupaten Sanggau Kapuas
12/9/23,91,Kabupaten Sanggau Kapuas
12/10/23,91,Kabupaten Sanggau Kapuas
12/11/23,91,Kabupaten Sanggau Kapuas
12/12/23,93,Kabupaten Sanggau Kapuas
12/13/23,130,Kabupaten Sanggau Kapuas
12/14/23,121,Kabupaten Sanggau Kapuas
12/15/23,121,Kabupaten Sanggau Kapuas
12/16/23,112,Kabupaten Sanggau Kapuas
12/17/23,137,Kabupaten Sanggau Kapuas
12/18/23,172,Kabupaten Sanggau Kapuas
12/19/23,158,Kabupaten Sanggau Kapuas
12/20/23,null,Kabupaten Sanggau Kapuas
12/21/23,91,Kabupaten Sanggau Kapuas
12/22/23,91,Kabupaten Sanggau Kapuas
12/23/23,91,Kabupaten Sanggau Kapuas
12/24/23,91,Kabupaten Sanggau Kapuas
12/25/23,93,Kabupaten Sanggau Kapuas
12/26/23,130,Kabupaten Sanggau Kapuas
12/27/23,121,Kabupaten Sanggau Kapuas
12/28/23,121,Kabupaten Sanggau Kapuas
12/29/23,112,Kabupaten Sanggau Kapuas
12/30/23,137,Kabupaten Sanggau Kapuas
12/31/23,172,Kabupaten Sanggau Kapuas
1/1/24,158,Kabupaten Sanggau Kapuas
1/2/24,null,Kabupaten Sanggau Kapuas
1/3/24,166,Kabupaten Sanggau Kapuas
1/4/24,197,Kabupaten Sanggau Kapuas
1/5/24,183,Kabupaten Sanggau Kapuas
1/7/24,247,Kabupaten Sanggau Kapuas
1/8/24,209,Kabupaten Sanggau Kapuas
1/9/24,131,Kabupaten Sanggau Kapuas
1/10/24,154,Kabupaten Sanggau Kapuas
1/11/24,153,Kabupaten Sanggau Kapuas
1/12/24,180,Kabupaten Sanggau Kapuas
1/13/24,163,Kabupaten Sanggau Kapuas
1/14/24,102,Kabupaten Sanggau Kapuas
1/29/24,153,Kabupaten Sanggau Kapuas
1/30/24,167,Kabupaten Sanggau Kapuas
1/31/24,157,Kabupaten Sanggau Kapuas
2/1/24,129,Kabupaten Sanggau Kapuas
2/2/24,115,Kabupaten Sanggau Kapuas
2/3/24,71,Kabupaten Sanggau Kapuas
2/4/24,66,Kabupaten Sanggau Kapuas
2/5/24,68,Kabupaten Sanggau Kapuas
2/6/24,64,Kabupaten Sanggau Kapuas
2/7/24,49,Kabupaten Sanggau Kapuas
2/8/24,78,Kabupaten Sanggau Kapuas
2/9/24,71,Kabupaten Sanggau Kapuas
2/10/24,58,Kabupaten Sanggau Kapuas
2/11/24,55,Kabupaten Sanggau Kapuas
2/12/24,66,Kabupaten Sanggau Kapuas
2/13/24,66,Kabupaten Sanggau Kapuas
2/14/24,69,Kabupaten Sanggau Kapuas
2/15/24,82,Kabupaten Sanggau Kapuas
9/27/23,54,Samarinda
9/28/23,62,Samarinda
9/29/23,64,Samarinda
9/30/23,63,Samarinda
10/1/23,59,Samarinda
10/2/23,51,Samarinda
10/3/23,54,Samarinda
10/4/23,58,Samarinda
10/5/23,60,Samarinda
10/6/23,67,Samarinda
10/7/23,67,Samarinda
10/8/23,65,Samarinda
10/9/23,62,Samarinda
10/10/23,53,Samarinda
10/11/23,65,Samarinda
10/12/23,45,Samarinda
10/13/23,59,Samarinda
10/14/23,38,Samarinda
10/15/23,54,Samarinda
10/16/23,57,Samarinda
10/17/23,60,Samarinda
10/18/23,53,Samarinda
10/19/23,65,Samarinda
10/20/23,53,Samarinda
10/21/23,65,Samarinda
10/22/23,71,Samarinda
10/23/23,71,Samarinda
10/24/23,76,Samarinda
10/25/23,66,Samarinda
10/26/23,79,Samarinda
10/27/23,72,Samarinda
10/28/23,69,Samarinda
10/29/23,67,Samarinda
10/30/23,61,Samarinda
10/31/23,51,Samarinda
11/1/23,58,Samarinda
11/2/23,58,Samarinda
11/3/23,55,Samarinda
11/4/23,71,Samarinda
11/5/23,63,Samarinda
11/6/23,68,Samarinda
11/7/23,65,Samarinda
11/8/23,53,Samarinda
11/9/23,65,Samarinda
11/10/23,71,Samarinda
11/11/23,71,Samarinda
11/12/23,76,Samarinda
11/13/23,66,Samarinda
11/14/23,79,Samarinda
11/15/23,72,Samarinda
11/16/23,69,Samarinda
11/17/23,67,Samarinda
11/18/23,61,Samarinda
11/19/23,51,Samarinda
11/20/23,58,Samarinda
11/21/23,58,Samarinda
11/22/23,55,Samarinda
11/23/23,56,Samarinda
11/24/23,43,Samarinda
11/25/23,153,Samarinda
11/26/23,167,Samarinda
11/27/23,157,Samarinda
11/28/23,129,Samarinda
11/29/23,115,Samarinda
11/30/23,71,Samarinda
12/1/23,66,Samarinda
12/2/23,68,Samarinda
12/3/23,64,Samarinda
12/8/23,49,Samarinda
12/9/23,78,Samarinda
12/10/23,71,Samarinda
12/11/23,58,Samarinda
12/12/23,55,Samarinda
12/13/23,66,Samarinda
12/14/23,66,Samarinda
12/15/23,69,Samarinda
12/16/23,82,Samarinda
12/17/23,93,Samarinda
12/18/23,89,Samarinda
12/19/23,92,Samarinda
12/20/23,152,Samarinda
12/21/23,49,Samarinda
12/22/23,78,Samarinda
12/23/23,71,Samarinda
12/24/23,58,Samarinda
12/25/23,55,Samarinda
12/26/23,66,Samarinda
12/27/23,66,Samarinda
12/28/23,69,Samarinda
12/29/23,82,Samarinda
12/30/23,93,Samarinda
12/31/23,89,Samarinda
1/1/24,92,Samarinda
1/2/24,152,Samarinda
1/3/24,282,Samarinda
1/4/24,282,Samarinda
1/5/24,337,Samarinda
1/7/24,332,Samarinda
1/8/24,272,Samarinda
1/9/24,181,Samarinda
1/10/24,167,Samarinda
1/11/24,156,Samarinda
1/12/24,120,Samarinda
1/13/24,61,Samarinda
1/14/24,83,Samarinda
1/29/24,137,Samarinda
1/30/24,128,Samarinda
1/31/24,203,Samarinda
2/1/24,182,Samarinda
2/2/24,126,Samarinda
2/3/24,55,Samarinda
2/4/24,42,Samarinda
2/5/24,52,Samarinda
2/6/24,84,Samarinda
2/7/24,56,Samarinda
2/8/24,46,Samarinda
2/9/24,41,Samarinda
2/10/24,36,Samarinda
2/11/24,16,Samarinda
2/12/24,22,Samarinda
2/13/24,21,Samarinda
2/14/24,null,Samarinda
2/15/24,56,Samarinda
9/27/23,172,Pontianak Tenggara Sungai Bangkong
9/28/23,180,Pontianak Tenggara Sungai Bangkong
9/29/23,137,Pontianak Tenggara Sungai Bangkong
9/30/23,111,Pontianak Tenggara Sungai Bangkong
10/1/23,106,Pontianak Tenggara Sungai Bangkong
10/2/23,120,Pontianak Tenggara Sungai Bangkong
10/3/23,181,Pontianak Tenggara Sungai Bangkong
10/4/23,152,Pontianak Tenggara Sungai Bangkong
10/5/23,115,Pontianak Tenggara Sungai Bangkong
10/6/23,121,Pontianak Tenggara Sungai Bangkong
10/7/23,182,Pontianak Tenggara Sungai Bangkong
10/8/23,172,Pontianak Tenggara Sungai Bangkong
10/9/23,161,Pontianak Tenggara Sungai Bangkong
10/10/23,152,Pontianak Tenggara Sungai Bangkong
10/11/23,143,Pontianak Tenggara Sungai Bangkong
10/12/23,108,Pontianak Tenggara Sungai Bangkong
10/13/23,138,Pontianak Tenggara Sungai Bangkong
10/14/23,91,Pontianak Tenggara Sungai Bangkong
10/15/23,91,Pontianak Tenggara Sungai Bangkong
10/16/23,91,Pontianak Tenggara Sungai Bangkong
10/17/23,91,Pontianak Tenggara Sungai Bangkong
10/18/23,93,Pontianak Tenggara Sungai Bangkong
10/19/23,130,Pontianak Tenggara Sungai Bangkong
10/20/23,121,Pontianak Tenggara Sungai Bangkong
10/21/23,121,Pontianak Tenggara Sungai Bangkong
10/22/23,112,Pontianak Tenggara Sungai Bangkong
10/23/23,137,Pontianak Tenggara Sungai Bangkong
10/24/23,172,Pontianak Tenggara Sungai Bangkong
10/25/23,158,Pontianak Tenggara Sungai Bangkong
10/26/23,null,Pontianak Tenggara Sungai Bangkong
10/27/23,null,Pontianak Tenggara Sungai Bangkong
10/28/23,null,Pontianak Tenggara Sungai Bangkong
10/29/23,null,Pontianak Tenggara Sungai Bangkong
10/30/23,null,Pontianak Tenggara Sungai Bangkong
10/31/23,92,Pontianak Tenggara Sungai Bangkong
11/1/23,109,Pontianak Tenggara Sungai Bangkong
11/2/23,81,Pontianak Tenggara Sungai Bangkong
11/3/23,88,Pontianak Tenggara Sungai Bangkong
11/4/23,94,Pontianak Tenggara Sungai Bangkong
11/5/23,78,Pontianak Tenggara Sungai Bangkong
11/6/23,117,Pontianak Tenggara Sungai Bangkong
11/7/23,130,Pontianak Tenggara Sungai Bangkong
11/8/23,121,Pontianak Tenggara Sungai Bangkong
11/9/23,121,Pontianak Tenggara Sungai Bangkong
11/10/23,112,Pontianak Tenggara Sungai Bangkong
11/11/23,137,Pontianak Tenggara Sungai Bangkong
11/12/23,172,Pontianak Tenggara Sungai Bangkong
11/13/23,158,Pontianak Tenggara Sungai Bangkong
11/14/23,null,Pontianak Tenggara Sungai Bangkong
11/15/23,null,Pontianak Tenggara Sungai Bangkong
11/16/23,null,Pontianak Tenggara Sungai Bangkong
11/17/23,null,Pontianak Tenggara Sungai Bangkong
11/18/23,null,Pontianak Tenggara Sungai Bangkong
11/19/23,92,Pontianak Tenggara Sungai Bangkong
11/20/23,109,Pontianak Tenggara Sungai Bangkong
11/21/23,81,Pontianak Tenggara Sungai Bangkong
11/22/23,88,Pontianak Tenggara Sungai Bangkong
11/23/23,null,Pontianak Tenggara Sungai Bangkong
11/24/23,16,Pontianak Tenggara Sungai Bangkong
11/25/23,137,Pontianak Tenggara Sungai Bangkong
11/26/23,128,Pontianak Tenggara Sungai Bangkong
11/27/23,203,Pontianak Tenggara Sungai Bangkong
11/28/23,182,Pontianak Tenggara Sungai Bangkong
11/29/23,126,Pontianak Tenggara Sungai Bangkong
11/30/23,55,Pontianak Tenggara Sungai Bangkong
12/1/23,42,Pontianak Tenggara Sungai Bangkong
12/2/23,52,Pontianak Tenggara Sungai Bangkong
12/3/23,84,Pontianak Tenggara Sungai Bangkong
12/8/23,56,Pontianak Tenggara Sungai Bangkong
12/9/23,46,Pontianak Tenggara Sungai Bangkong
12/10/23,41,Pontianak Tenggara Sungai Bangkong
12/11/23,36,Pontianak Tenggara Sungai Bangkong
12/12/23,16,Pontianak Tenggara Sungai Bangkong
12/13/23,22,Pontianak Tenggara Sungai Bangkong
12/14/23,21,Pontianak Tenggara Sungai Bangkong
12/15/23,null,Pontianak Tenggara Sungai Bangkong
12/16/23,56,Pontianak Tenggara Sungai Bangkong
12/17/23,61,Pontianak Tenggara Sungai Bangkong
12/18/23,72,Pontianak Tenggara Sungai Bangkong
12/19/23,142,Pontianak Tenggara Sungai Bangkong
12/20/23,91,Pontianak Tenggara Sungai Bangkong
12/21/23,56,Pontianak Tenggara Sungai Bangkong
12/22/23,46,Pontianak Tenggara Sungai Bangkong
12/23/23,41,Pontianak Tenggara Sungai Bangkong
12/24/23,36,Pontianak Tenggara Sungai Bangkong
12/25/23,16,Pontianak Tenggara Sungai Bangkong
12/26/23,22,Pontianak Tenggara Sungai Bangkong
12/27/23,21,Pontianak Tenggara Sungai Bangkong
12/28/23,null,Pontianak Tenggara Sungai Bangkong
12/29/23,56,Pontianak Tenggara Sungai Bangkong
12/30/23,61,Pontianak Tenggara Sungai Bangkong
12/31/23,72,Pontianak Tenggara Sungai Bangkong
1/1/24,142,Pontianak Tenggara Sungai Bangkong
1/2/24,91,Pontianak Tenggara Sungai Bangkong
1/3/24,178,Pontianak Tenggara Sungai Bangkong
1/4/24,325,Pontianak Tenggara Sungai Bangkong
1/5/24,500,Pontianak Tenggara Sungai Bangkong
1/7/24,500,Pontianak Tenggara Sungai Bangkong
1/8/24,290,Pontianak Tenggara Sungai Bangkong
1/9/24,241,Pontianak Tenggara Sungai Bangkong
1/10/24,301,Pontianak Tenggara Sungai Bangkong
1/11/24,179,Pontianak Tenggara Sungai Bangkong
1/12/24,189,Pontianak Tenggara Sungai Bangkong
1/13/24,159,Pontianak Tenggara Sungai Bangkong
1/14/24,136,Pontianak Tenggara Sungai Bangkong
1/29/24,119,Pontianak Tenggara Sungai Bangkong
1/30/24,184,Pontianak Tenggara Sungai Bangkong
1/31/24,202,Pontianak Tenggara Sungai Bangkong
2/1/24,160,Pontianak Tenggara Sungai Bangkong
2/2/24,173,Pontianak Tenggara Sungai Bangkong
2/3/24,171,Pontianak Tenggara Sungai Bangkong
2/4/24,172,Pontianak Tenggara Sungai Bangkong
2/5/24,154,Pontianak Tenggara Sungai Bangkong
2/6/24,78,Pontianak Tenggara Sungai Bangkong
2/7/24,59,Pontianak Tenggara Sungai Bangkong
2/8/24,59,Pontianak Tenggara Sungai Bangkong
2/9/24,87,Pontianak Tenggara Sungai Bangkong
2/10/24,62,Pontianak Tenggara Sungai Bangkong
2/11/24,54,Pontianak Tenggara Sungai Bangkong
2/12/24,42,Pontianak Tenggara Sungai Bangkong
2/13/24,56,Pontianak Tenggara Sungai Bangkong
2/14/24,80,Pontianak Tenggara Sungai Bangkong
2/15/24,82,Pontianak Tenggara Sungai Bangkong
9/27/23,500,Balikpapan sepinggan
9/28/23,290,Balikpapan sepinggan
9/29/23,241,Balikpapan sepinggan
9/30/23,301,Balikpapan sepinggan
10/1/23,179,Balikpapan sepinggan
10/2/23,189,Balikpapan sepinggan
10/3/23,159,Balikpapan sepinggan
10/4/23,136,Balikpapan sepinggan
10/5/23,119,Balikpapan sepinggan
10/6/23,184,Balikpapan sepinggan
10/7/23,202,Balikpapan sepinggan
10/8/23,160,Balikpapan sepinggan
10/9/23,173,Balikpapan sepinggan
10/10/23,171,Balikpapan sepinggan
10/11/23,172,Balikpapan sepinggan
10/12/23,154,Balikpapan sepinggan
10/13/23,78,Balikpapan sepinggan
10/14/23,59,Balikpapan sepinggan
10/15/23,59,Balikpapan sepinggan
10/16/23,87,Balikpapan sepinggan
10/17/23,62,Balikpapan sepinggan
10/18/23,54,Balikpapan sepinggan
10/19/23,42,Balikpapan sepinggan
10/20/23,56,Balikpapan sepinggan
10/21/23,80,Balikpapan sepinggan
10/22/23,82,Balikpapan sepinggan
10/23/23,88,Balikpapan sepinggan
10/24/23,157,Balikpapan sepinggan
10/25/23,108,Balikpapan sepinggan
10/26/23,108,Balikpapan sepinggan
10/27/23,105,Balikpapan sepinggan
10/28/23,90,Balikpapan sepinggan
10/29/23,57,Balikpapan sepinggan
10/30/23,53,Balikpapan sepinggan
10/31/23,61,Balikpapan sepinggan
11/1/23,55,Balikpapan sepinggan
11/2/23,61,Balikpapan sepinggan
11/3/23,52,Balikpapan sepinggan
11/4/23,54,Balikpapan sepinggan
11/5/23,68,Balikpapan sepinggan
11/6/23,45,Balikpapan sepinggan
11/7/23,42,Balikpapan sepinggan
11/8/23,56,Balikpapan sepinggan
11/9/23,80,Balikpapan sepinggan
11/10/23,82,Balikpapan sepinggan
11/11/23,88,Balikpapan sepinggan
11/12/23,157,Balikpapan sepinggan
11/13/23,108,Balikpapan sepinggan
11/14/23,108,Balikpapan sepinggan
11/15/23,105,Balikpapan sepinggan
11/16/23,90,Balikpapan sepinggan
11/17/23,57,Balikpapan sepinggan
11/18/23,53,Balikpapan sepinggan
11/19/23,61,Balikpapan sepinggan
11/20/23,55,Balikpapan sepinggan
11/21/23,61,Balikpapan sepinggan
11/22/23,52,Balikpapan sepinggan
11/23/23,54,Balikpapan sepinggan
11/24/23,68,Balikpapan sepinggan
11/25/23,45,Balikpapan sepinggan
11/26/23,49,Balikpapan sepinggan
11/27/23,58,Balikpapan sepinggan
11/28/23,55,Balikpapan sepinggan
11/29/23,42,Balikpapan sepinggan
11/30/23,33,Balikpapan sepinggan
12/1/23,28,Balikpapan sepinggan
12/2/23,43,Balikpapan sepinggan
12/3/23,54,Balikpapan sepinggan
12/8/23,59,Balikpapan sepinggan
12/9/23,50,Balikpapan sepinggan
12/10/23,64,Balikpapan sepinggan
12/11/23,55,Balikpapan sepinggan
12/12/23,58,Balikpapan sepinggan
12/13/23,59,Balikpapan sepinggan
12/14/23,70,Balikpapan sepinggan
12/15/23,69,Balikpapan sepinggan
12/16/23,62,Balikpapan sepinggan
12/17/23,56,Balikpapan sepinggan
12/18/23,43,Balikpapan sepinggan
12/19/23,153,Balikpapan sepinggan
12/20/23,167,Balikpapan sepinggan
12/21/23,157,Balikpapan sepinggan
12/22/23,129,Balikpapan sepinggan
12/23/23,115,Balikpapan sepinggan
12/24/23,71,Balikpapan sepinggan
12/25/23,66,Balikpapan sepinggan
12/26/23,68,Balikpapan sepinggan
12/27/23,64,Balikpapan sepinggan
12/28/23,49,Balikpapan sepinggan
12/29/23,78,Balikpapan sepinggan
12/30/23,71,Balikpapan sepinggan
12/31/23,58,Balikpapan sepinggan
1/1/24,55,Balikpapan sepinggan
1/2/24,66,Balikpapan sepinggan
1/3/24,111,Balikpapan sepinggan
1/4/24,106,Balikpapan sepinggan
1/5/24,120,Balikpapan sepinggan
1/7/24,181,Balikpapan sepinggan
1/8/24,152,Balikpapan sepinggan
1/9/24,115,Balikpapan sepinggan
1/10/24,121,Balikpapan sepinggan
1/11/24,182,Balikpapan sepinggan
1/12/24,172,Balikpapan sepinggan
1/13/24,161,Balikpapan sepinggan
1/14/24,152,Balikpapan sepinggan
1/29/24,143,Balikpapan sepinggan
1/30/24,108,Balikpapan sepinggan
1/31/24,138,Balikpapan sepinggan
2/1/24,91,Balikpapan sepinggan
2/2/24,91,Balikpapan sepinggan
2/3/24,91,Balikpapan sepinggan
2/4/24,91,Balikpapan sepinggan
2/5/24,93,Balikpapan sepinggan
2/6/24,130,Balikpapan sepinggan
2/7/24,121,Balikpapan sepinggan
2/8/24,121,Balikpapan sepinggan
2/9/24,112,Balikpapan sepinggan
2/10/24,137,Balikpapan sepinggan
2/11/24,172,Balikpapan sepinggan
2/12/24,158,Balikpapan sepinggan
2/13/24,null,Balikpapan sepinggan
2/14/24,null,Balikpapan sepinggan
2/15/24,null,Balikpapan sepinggan
9/27/23,121,Banjar Baru Landasan Ulin
9/28/23,132,Banjar Baru Landasan Ulin
9/29/23,133,Banjar Baru Landasan Ulin
9/30/23,143,Banjar Baru Landasan Ulin
10/1/23,152,Banjar Baru Landasan Ulin
10/2/23,71,Banjar Baru Landasan Ulin
10/3/23,33,Banjar Baru Landasan Ulin
10/4/23,38,Banjar Baru Landasan Ulin
10/5/23,60,Banjar Baru Landasan Ulin
10/6/23,64,Banjar Baru Landasan Ulin
10/7/23,78,Banjar Baru Landasan Ulin
10/8/23,63,Banjar Baru Landasan Ulin
10/9/23,39,Banjar Baru Landasan Ulin
10/10/23,66,Banjar Baru Landasan Ulin
10/11/23,78,Banjar Baru Landasan Ulin
10/12/23,52,Banjar Baru Landasan Ulin
10/13/23,38,Banjar Baru Landasan Ulin
10/14/23,49,Banjar Baru Landasan Ulin
10/15/23,44,Banjar Baru Landasan Ulin
10/16/23,32,Banjar Baru Landasan Ulin
10/17/23,25,Banjar Baru Landasan Ulin
10/18/23,20,Banjar Baru Landasan Ulin
10/19/23,null,Banjar Baru Landasan Ulin
10/20/23,32,Banjar Baru Landasan Ulin
10/21/23,38,Banjar Baru Landasan Ulin
10/22/23,39,Banjar Baru Landasan Ulin
10/23/23,33,Banjar Baru Landasan Ulin
10/24/23,24,Banjar Baru Landasan Ulin
10/25/23,31,Banjar Baru Landasan Ulin
10/26/23,54,Banjar Baru Landasan Ulin
10/27/23,61,Banjar Baru Landasan Ulin
10/28/23,43,Banjar Baru Landasan Ulin
10/29/23,29,Banjar Baru Landasan Ulin
10/30/23,52,Banjar Baru Landasan Ulin
10/31/23,29,Banjar Baru Landasan Ulin
11/1/23,18,Banjar Baru Landasan Ulin
11/2/23,28,Banjar Baru Landasan Ulin
11/3/23,31,Banjar Baru Landasan Ulin
11/4/23,48,Banjar Baru Landasan Ulin
11/5/23,27,Banjar Baru Landasan Ulin
11/6/23,22,Banjar Baru Landasan Ulin
11/7/23,null,Banjar Baru Landasan Ulin
11/8/23,32,Banjar Baru Landasan Ulin
11/9/23,38,Banjar Baru Landasan Ulin
11/10/23,39,Banjar Baru Landasan Ulin
11/11/23,33,Banjar Baru Landasan Ulin
11/12/23,24,Banjar Baru Landasan Ulin
11/13/23,31,Banjar Baru Landasan Ulin
11/14/23,54,Banjar Baru Landasan Ulin
11/15/23,61,Banjar Baru Landasan Ulin
11/16/23,43,Banjar Baru Landasan Ulin
11/17/23,29,Banjar Baru Landasan Ulin
11/18/23,52,Banjar Baru Landasan Ulin
11/19/23,29,Banjar Baru Landasan Ulin
11/20/23,18,Banjar Baru Landasan Ulin
11/21/23,28,Banjar Baru Landasan Ulin
11/22/23,31,Banjar Baru Landasan Ulin
11/23/23,48,Banjar Baru Landasan Ulin
11/24/23,27,Banjar Baru Landasan Ulin
11/25/23,22,Banjar Baru Landasan Ulin
11/26/23,23,Banjar Baru Landasan Ulin
11/27/23,41,Banjar Baru Landasan Ulin
11/28/23,31,Banjar Baru Landasan Ulin
11/29/23,22,Banjar Baru Landasan Ulin
11/30/23,20,Banjar Baru Landasan Ulin
12/1/23,19,Banjar Baru Landasan Ulin
12/2/23,47,Banjar Baru Landasan Ulin
12/3/23,52,Banjar Baru Landasan Ulin
12/8/23,52,Banjar Baru Landasan Ulin
12/9/23,46,Banjar Baru Landasan Ulin
12/10/23,24,Banjar Baru Landasan Ulin
12/11/23,21,Banjar Baru Landasan Ulin
12/12/23,14,Banjar Baru Landasan Ulin
12/13/23,25,Banjar Baru Landasan Ulin
12/14/23,29,Banjar Baru Landasan Ulin
12/15/23,45,Banjar Baru Landasan Ulin
12/16/23,40,Banjar Baru Landasan Ulin
12/17/23,null,Banjar Baru Landasan Ulin
12/18/23,16,Banjar Baru Landasan Ulin
12/19/23,137,Banjar Baru Landasan Ulin
12/20/23,128,Banjar Baru Landasan Ulin
12/21/23,203,Banjar Baru Landasan Ulin
12/22/23,182,Banjar Baru Landasan Ulin
12/23/23,126,Banjar Baru Landasan Ulin
12/24/23,55,Banjar Baru Landasan Ulin
12/25/23,42,Banjar Baru Landasan Ulin
12/26/23,52,Banjar Baru Landasan Ulin
12/27/23,84,Banjar Baru Landasan Ulin
12/28/23,56,Banjar Baru Landasan Ulin
12/29/23,46,Banjar Baru Landasan Ulin
12/30/23,41,Banjar Baru Landasan Ulin
12/31/23,36,Banjar Baru Landasan Ulin
1/1/24,16,Banjar Baru Landasan Ulin
1/2/24,22,Banjar Baru Landasan Ulin
1/3/24,154,Banjar Baru Landasan Ulin
1/4/24,153,Banjar Baru Landasan Ulin
1/5/24,180,Banjar Baru Landasan Ulin
1/7/24,163,Banjar Baru Landasan Ulin
1/8/24,102,Banjar Baru Landasan Ulin
1/9/24,153,Banjar Baru Landasan Ulin
1/10/24,167,Banjar Baru Landasan Ulin
1/11/24,157,Banjar Baru Landasan Ulin
1/12/24,129,Banjar Baru Landasan Ulin
1/13/24,115,Banjar Baru Landasan Ulin
1/14/24,71,Banjar Baru Landasan Ulin
1/29/24,66,Banjar Baru Landasan Ulin
1/30/24,68,Banjar Baru Landasan Ulin
1/31/24,64,Banjar Baru Landasan Ulin
2/1/24,49,Banjar Baru Landasan Ulin
2/2/24,78,Banjar Baru Landasan Ulin
2/3/24,71,Banjar Baru Landasan Ulin
2/4/24,58,Banjar Baru Landasan Ulin
2/5/24,55,Banjar Baru Landasan Ulin
2/6/24,66,Banjar Baru Landasan Ulin
2/7/24,66,Banjar Baru Landasan Ulin
2/8/24,69,Banjar Baru Landasan Ulin
2/9/24,82,Banjar Baru Landasan Ulin
2/10/24,93,Banjar Baru Landasan Ulin
2/11/24,89,Banjar Baru Landasan Ulin
2/12/24,92,Banjar Baru Landasan Ulin
2/13/24,152,Banjar Baru Landasan Ulin
2/14/24,106,Banjar Baru Landasan Ulin
2/15/24,97,Banjar Baru Landasan Ulin
9/27/23,52,Banjarmasin Kayu Tangi
9/28/23,46,Banjarmasin Kayu Tangi
9/29/23,115,Banjarmasin Kayu Tangi
9/30/23,121,Banjarmasin Kayu Tangi
10/1/23,182,Banjarmasin Kayu Tangi
10/2/23,172,Banjarmasin Kayu Tangi
10/3/23,161,Banjarmasin Kayu Tangi
10/4/23,152,Banjarmasin Kayu Tangi
10/5/23,143,Banjarmasin Kayu Tangi
10/6/23,108,Banjarmasin Kayu Tangi
10/7/23,138,Banjarmasin Kayu Tangi
10/8/23,91,Banjarmasin Kayu Tangi
10/9/23,91,Banjarmasin Kayu Tangi
10/10/23,91,Banjarmasin Kayu Tangi
10/11/23,91,Banjarmasin Kayu Tangi
10/12/23,93,Banjarmasin Kayu Tangi
10/13/23,130,Banjarmasin Kayu Tangi
10/14/23,121,Banjarmasin Kayu Tangi
10/15/23,121,Banjarmasin Kayu Tangi
10/16/23,112,Banjarmasin Kayu Tangi
10/17/23,137,Banjarmasin Kayu Tangi
10/18/23,172,Banjarmasin Kayu Tangi
10/19/23,158,Banjarmasin Kayu Tangi
10/20/23,null,Banjarmasin Kayu Tangi
10/21/23,null,Banjarmasin Kayu Tangi
10/22/23,null,Banjarmasin Kayu Tangi
10/23/23,25,Banjarmasin Kayu Tangi
10/24/23,23,Banjarmasin Kayu Tangi
10/25/23,70,Banjarmasin Kayu Tangi
10/26/23,30,Banjarmasin Kayu Tangi
10/27/23,40,Banjarmasin Kayu Tangi
10/28/23,null,Banjarmasin Kayu Tangi
10/29/23,59,Banjarmasin Kayu Tangi
10/30/23,90,Banjarmasin Kayu Tangi
10/31/23,58,Banjarmasin Kayu Tangi
11/1/23,26,Banjarmasin Kayu Tangi
11/2/23,32,Banjarmasin Kayu Tangi
11/3/23,43,Banjarmasin Kayu Tangi
11/4/23,24,Banjarmasin Kayu Tangi
11/5/23,21,Banjarmasin Kayu Tangi
11/6/23,14,Banjarmasin Kayu Tangi
11/7/23,25,Banjarmasin Kayu Tangi
11/8/23,29,Banjarmasin Kayu Tangi
11/9/23,45,Banjarmasin Kayu Tangi
11/10/23,40,Banjarmasin Kayu Tangi
11/11/23,null,Banjarmasin Kayu Tangi
11/12/23,16,Banjarmasin Kayu Tangi
11/13/23,137,Banjarmasin Kayu Tangi
11/14/23,128,Banjarmasin Kayu Tangi
11/15/23,203,Banjarmasin Kayu Tangi
11/16/23,182,Banjarmasin Kayu Tangi
11/17/23,126,Banjarmasin Kayu Tangi
11/18/23,55,Banjarmasin Kayu Tangi
11/19/23,42,Banjarmasin Kayu Tangi
11/20/23,52,Banjarmasin Kayu Tangi
11/21/23,84,Banjarmasin Kayu Tangi
11/22/23,56,Banjarmasin Kayu Tangi
11/23/23,46,Banjarmasin Kayu Tangi
11/24/23,41,Banjarmasin Kayu Tangi
11/25/23,36,Banjarmasin Kayu Tangi
11/26/23,16,Banjarmasin Kayu Tangi
11/27/23,22,Banjarmasin Kayu Tangi
11/28/23,21,Banjarmasin Kayu Tangi
11/29/23,null,Banjarmasin Kayu Tangi
11/30/23,56,Banjarmasin Kayu Tangi
12/1/23,61,Banjarmasin Kayu Tangi
12/2/23,72,Banjarmasin Kayu Tangi
12/3/23,142,Banjarmasin Kayu Tangi
12/8/23,91,Banjarmasin Kayu Tangi
12/9/23,null,Banjarmasin Kayu Tangi
12/10/23,null,Banjarmasin Kayu Tangi
12/11/23,25,Banjarmasin Kayu Tangi
12/12/23,23,Banjarmasin Kayu Tangi
12/13/23,70,Banjarmasin Kayu Tangi
12/14/23,30,Banjarmasin Kayu Tangi
12/15/23,40,Banjarmasin Kayu Tangi
12/16/23,null,Banjarmasin Kayu Tangi
12/17/23,59,Banjarmasin Kayu Tangi
12/18/23,90,Banjarmasin Kayu Tangi
12/19/23,58,Banjarmasin Kayu Tangi
12/20/23,26,Banjarmasin Kayu Tangi
12/21/23,13,Banjarmasin Kayu Tangi
12/22/23,18,Banjarmasin Kayu Tangi
12/23/23,24,Banjarmasin Kayu Tangi
12/24/23,30,Banjarmasin Kayu Tangi
12/25/23,19,Banjarmasin Kayu Tangi
12/26/23,25,Banjarmasin Kayu Tangi
12/27/23,40,Banjarmasin Kayu Tangi
12/28/23,22,Banjarmasin Kayu Tangi
12/29/23,23,Banjarmasin Kayu Tangi
12/30/23,22,Banjarmasin Kayu Tangi
12/31/23,34,Banjarmasin Kayu Tangi
1/1/24,52,Banjarmasin Kayu Tangi
1/2/24,52,Banjarmasin Kayu Tangi
1/3/24,167,Banjarmasin Kayu Tangi
1/4/24,156,Banjarmasin Kayu Tangi
1/5/24,120,Banjarmasin Kayu Tangi
1/7/24,61,Banjarmasin Kayu Tangi
1/8/24,83,Banjarmasin Kayu Tangi
1/9/24,137,Banjarmasin Kayu Tangi
1/10/24,128,Banjarmasin Kayu Tangi
1/11/24,203,Banjarmasin Kayu Tangi
1/12/24,182,Banjarmasin Kayu Tangi
1/13/24,126,Banjarmasin Kayu Tangi
1/14/24,55,Banjarmasin Kayu Tangi
1/29/24,42,Banjarmasin Kayu Tangi
1/30/24,52,Banjarmasin Kayu Tangi
1/31/24,84,Banjarmasin Kayu Tangi
2/1/24,56,Banjarmasin Kayu Tangi
2/2/24,46,Banjarmasin Kayu Tangi
2/3/24,41,Banjarmasin Kayu Tangi
2/4/24,36,Banjarmasin Kayu Tangi
2/5/24,16,Banjarmasin Kayu Tangi
2/6/24,22,Banjarmasin Kayu Tangi
2/7/24,21,Banjarmasin Kayu Tangi
2/8/24,null,Banjarmasin Kayu Tangi
2/9/24,56,Banjarmasin Kayu Tangi
2/10/24,61,Banjarmasin Kayu Tangi
2/11/24,72,Banjarmasin Kayu Tangi
2/12/24,142,Banjarmasin Kayu Tangi
2/13/24,91,Banjarmasin Kayu Tangi
2/14/24,null,Banjarmasin Kayu Tangi
2/15/24,null,Banjarmasin Kayu Tangi
9/27/23,56,Kabupaten Barito Selatan Sanggu
9/28/23,43,Kabupaten Barito Selatan Sanggu
9/29/23,153,Kabupaten Barito Selatan Sanggu
9/30/23,167,Kabupaten Barito Selatan Sanggu
10/1/23,157,Kabupaten Barito Selatan Sanggu
10/2/23,129,Kabupaten Barito Selatan Sanggu
10/3/23,115,Kabupaten Barito Selatan Sanggu
10/4/23,71,Kabupaten Barito Selatan Sanggu
10/5/23,66,Kabupaten Barito Selatan Sanggu
10/6/23,68,Kabupaten Barito Selatan Sanggu
10/7/23,64,Kabupaten Barito Selatan Sanggu
10/8/23,49,Kabupaten Barito Selatan Sanggu
10/9/23,78,Kabupaten Barito Selatan Sanggu
10/10/23,71,Kabupaten Barito Selatan Sanggu
10/11/23,58,Kabupaten Barito Selatan Sanggu
10/12/23,55,Kabupaten Barito Selatan Sanggu
10/13/23,66,Kabupaten Barito Selatan Sanggu
10/14/23,66,Kabupaten Barito Selatan Sanggu
10/15/23,69,Kabupaten Barito Selatan Sanggu
10/16/23,82,Kabupaten Barito Selatan Sanggu
10/17/23,93,Kabupaten Barito Selatan Sanggu
10/18/23,89,Kabupaten Barito Selatan Sanggu
10/19/23,92,Kabupaten Barito Selatan Sanggu
10/20/23,152,Kabupaten Barito Selatan Sanggu
10/21/23,105,Kabupaten Barito Selatan Sanggu
10/22/23,90,Kabupaten Barito Selatan Sanggu
10/23/23,57,Kabupaten Barito Selatan Sanggu
10/24/23,53,Kabupaten Barito Selatan Sanggu
10/25/23,61,Kabupaten Barito Selatan Sanggu
10/26/23,55,Kabupaten Barito Selatan Sanggu
10/27/23,61,Kabupaten Barito Selatan Sanggu
10/28/23,52,Kabupaten Barito Selatan Sanggu
10/29/23,54,Kabupaten Barito Selatan Sanggu
10/30/23,68,Kabupaten Barito Selatan Sanggu
10/31/23,45,Kabupaten Barito Selatan Sanggu
11/1/23,49,Kabupaten Barito Selatan Sanggu
11/2/23,58,Kabupaten Barito Selatan Sanggu
11/3/23,55,Kabupaten Barito Selatan Sanggu
11/4/23,42,Kabupaten Barito Selatan Sanggu
11/5/23,33,Kabupaten Barito Selatan Sanggu
11/6/23,28,Kabupaten Barito Selatan Sanggu
11/7/23,43,Kabupaten Barito Selatan Sanggu
11/8/23,54,Kabupaten Barito Selatan Sanggu
11/9/23,59,Kabupaten Barito Selatan Sanggu
11/10/23,50,Kabupaten Barito Selatan Sanggu
11/11/23,33,Kabupaten Barito Selatan Sanggu
11/12/23,55,Kabupaten Barito Selatan Sanggu
11/13/23,19,Kabupaten Barito Selatan Sanggu
11/14/23,14,Kabupaten Barito Selatan Sanggu
11/15/23,13,Kabupaten Barito Selatan Sanggu
11/16/23,18,Kabupaten Barito Selatan Sanggu
11/17/23,24,Kabupaten Barito Selatan Sanggu
11/18/23,30,Kabupaten Barito Selatan Sanggu
11/19/23,19,Kabupaten Barito Selatan Sanggu
11/20/23,25,Kabupaten Barito Selatan Sanggu
11/21/23,40,Kabupaten Barito Selatan Sanggu
11/22/23,22,Kabupaten Barito Selatan Sanggu
11/23/23,23,Kabupaten Barito Selatan Sanggu
11/24/23,22,Kabupaten Barito Selatan Sanggu
11/25/23,34,Kabupaten Barito Selatan Sanggu
11/26/23,52,Kabupaten Barito Selatan Sanggu
11/27/23,52,Kabupaten Barito Selatan Sanggu
11/28/23,60,Kabupaten Barito Selatan Sanggu
11/29/23,61,Kabupaten Barito Selatan Sanggu
11/30/23,58,Kabupaten Barito Selatan Sanggu
12/1/23,61,Kabupaten Barito Selatan Sanggu
12/2/23,53,Kabupaten Barito Selatan Sanggu
12/3/23,55,Kabupaten Barito Selatan Sanggu
12/8/23,55,Kabupaten Barito Selatan Sanggu
12/9/23,59,Kabupaten Barito Selatan Sanggu
12/10/23,63,Kabupaten Barito Selatan Sanggu
12/11/23,59,Kabupaten Barito Selatan Sanggu
12/12/23,52,Kabupaten Barito Selatan Sanggu
12/13/23,22,Kabupaten Barito Selatan Sanggu
12/14/23,22,Kabupaten Barito Selatan Sanggu
12/15/23,24,Kabupaten Barito Selatan Sanggu
12/16/23,28,Kabupaten Barito Selatan Sanggu
12/17/23,23,Kabupaten Barito Selatan Sanggu
12/18/23,17,Kabupaten Barito Selatan Sanggu
12/19/23,14,Kabupaten Barito Selatan Sanggu
12/20/23,11,Kabupaten Barito Selatan Sanggu
12/21/23,182,Kabupaten Barito Selatan Sanggu
12/22/23,172,Kabupaten Barito Selatan Sanggu
12/23/23,161,Kabupaten Barito Selatan Sanggu
12/24/23,152,Kabupaten Barito Selatan Sanggu
12/25/23,143,Kabupaten Barito Selatan Sanggu
12/26/23,108,Kabupaten Barito Selatan Sanggu
12/27/23,138,Kabupaten Barito Selatan Sanggu
12/28/23,91,Kabupaten Barito Selatan Sanggu
12/29/23,91,Kabupaten Barito Selatan Sanggu
12/30/23,91,Kabupaten Barito Selatan Sanggu
12/31/23,91,Kabupaten Barito Selatan Sanggu
1/1/24,93,Kabupaten Barito Selatan Sanggu
1/2/24,130,Kabupaten Barito Selatan Sanggu
1/3/24,301,Kabupaten Barito Selatan Sanggu
1/4/24,179,Kabupaten Barito Selatan Sanggu
1/5/24,189,Kabupaten Barito Selatan Sanggu
1/7/24,159,Kabupaten Barito Selatan Sanggu
1/8/24,136,Kabupaten Barito Selatan Sanggu
1/9/24,119,Kabupaten Barito Selatan Sanggu
1/10/24,184,Kabupaten Barito Selatan Sanggu
1/11/24,202,Kabupaten Barito Selatan Sanggu
1/12/24,160,Kabupaten Barito Selatan Sanggu
1/13/24,173,Kabupaten Barito Selatan Sanggu
1/14/24,171,Kabupaten Barito Selatan Sanggu
1/29/24,172,Kabupaten Barito Selatan Sanggu
1/30/24,154,Kabupaten Barito Selatan Sanggu
1/31/24,78,Kabupaten Barito Selatan Sanggu
2/1/24,59,Kabupaten Barito Selatan Sanggu
2/2/24,59,Kabupaten Barito Selatan Sanggu
2/3/24,87,Kabupaten Barito Selatan Sanggu
2/4/24,62,Kabupaten Barito Selatan Sanggu
2/5/24,54,Kabupaten Barito Selatan Sanggu
2/6/24,42,Kabupaten Barito Selatan Sanggu
2/7/24,56,Kabupaten Barito Selatan Sanggu
2/8/24,80,Kabupaten Barito Selatan Sanggu
2/9/24,82,Kabupaten Barito Selatan Sanggu
2/10/24,88,Kabupaten Barito Selatan Sanggu
2/11/24,157,Kabupaten Barito Selatan Sanggu
2/12/24,108,Kabupaten Barito Selatan Sanggu
2/13/24,108,Kabupaten Barito Selatan Sanggu
2/14/24,105,Kabupaten Barito Selatan Sanggu
2/15/24,90,Kabupaten Barito Selatan Sanggu
9/27/23,null,Kabupaten Kotawaringin Timur
9/28/23,16,Kabupaten Kotawaringin Timur
9/29/23,137,Kabupaten Kotawaringin Timur
9/30/23,128,Kabupaten Kotawaringin Timur
10/1/23,203,Kabupaten Kotawaringin Timur
10/2/23,182,Kabupaten Kotawaringin Timur
10/3/23,126,Kabupaten Kotawaringin Timur
10/4/23,55,Kabupaten Kotawaringin Timur
10/5/23,42,Kabupaten Kotawaringin Timur
10/6/23,52,Kabupaten Kotawaringin Timur
10/7/23,84,Kabupaten Kotawaringin Timur
10/8/23,56,Kabupaten Kotawaringin Timur
10/9/23,46,Kabupaten Kotawaringin Timur
10/10/23,41,Kabupaten Kotawaringin Timur
10/11/23,36,Kabupaten Kotawaringin Timur
10/12/23,16,Kabupaten Kotawaringin Timur
10/13/23,22,Kabupaten Kotawaringin Timur
10/14/23,21,Kabupaten Kotawaringin Timur
10/15/23,null,Kabupaten Kotawaringin Timur
10/16/23,56,Kabupaten Kotawaringin Timur
10/17/23,61,Kabupaten Kotawaringin Timur
10/18/23,72,Kabupaten Kotawaringin Timur
10/19/23,142,Kabupaten Kotawaringin Timur
10/20/23,91,Kabupaten Kotawaringin Timur
10/21/23,61,Kabupaten Kotawaringin Timur
10/22/23,43,Kabupaten Kotawaringin Timur
10/23/23,29,Kabupaten Kotawaringin Timur
10/24/23,52,Kabupaten Kotawaringin Timur
10/25/23,29,Kabupaten Kotawaringin Timur
10/26/23,18,Kabupaten Kotawaringin Timur
10/27/23,28,Kabupaten Kotawaringin Timur
10/28/23,31,Kabupaten Kotawaringin Timur
10/29/23,48,Kabupaten Kotawaringin Timur
10/30/23,27,Kabupaten Kotawaringin Timur
10/31/23,22,Kabupaten Kotawaringin Timur
11/1/23,23,Kabupaten Kotawaringin Timur
11/2/23,41,Kabupaten Kotawaringin Timur
11/3/23,31,Kabupaten Kotawaringin Timur
11/4/23,22,Kabupaten Kotawaringin Timur
11/5/23,20,Kabupaten Kotawaringin Timur
11/6/23,19,Kabupaten Kotawaringin Timur
11/7/23,47,Kabupaten Kotawaringin Timur
11/8/23,52,Kabupaten Kotawaringin Timur
11/9/23,52,Kabupaten Kotawaringin Timur
11/10/23,46,Kabupaten Kotawaringin Timur
11/11/23,52,Kabupaten Kotawaringin Timur
11/12/23,46,Kabupaten Kotawaringin Timur
11/13/23,115,Kabupaten Kotawaringin Timur
11/14/23,121,Kabupaten Kotawaringin Timur
11/15/23,182,Kabupaten Kotawaringin Timur
11/16/23,172,Kabupaten Kotawaringin Timur
11/17/23,161,Kabupaten Kotawaringin Timur
11/18/23,152,Kabupaten Kotawaringin Timur
11/19/23,143,Kabupaten Kotawaringin Timur
11/20/23,108,Kabupaten Kotawaringin Timur
11/21/23,138,Kabupaten Kotawaringin Timur
11/22/23,91,Kabupaten Kotawaringin Timur
11/23/23,91,Kabupaten Kotawaringin Timur
11/24/23,91,Kabupaten Kotawaringin Timur
11/25/23,91,Kabupaten Kotawaringin Timur
11/26/23,93,Kabupaten Kotawaringin Timur
11/27/23,130,Kabupaten Kotawaringin Timur
11/28/23,121,Kabupaten Kotawaringin Timur
11/29/23,121,Kabupaten Kotawaringin Timur
11/30/23,112,Kabupaten Kotawaringin Timur
12/1/23,137,Kabupaten Kotawaringin Timur
12/2/23,172,Kabupaten Kotawaringin Timur
12/3/23,158,Kabupaten Kotawaringin Timur
12/8/23,null,Kabupaten Kotawaringin Timur
12/9/23,91,Kabupaten Kotawaringin Timur
12/10/23,91,Kabupaten Kotawaringin Timur
12/11/23,91,Kabupaten Kotawaringin Timur
12/12/23,91,Kabupaten Kotawaringin Timur
12/13/23,93,Kabupaten Kotawaringin Timur
12/14/23,130,Kabupaten Kotawaringin Timur
12/15/23,121,Kabupaten Kotawaringin Timur
12/16/23,121,Kabupaten Kotawaringin Timur
12/17/23,112,Kabupaten Kotawaringin Timur
12/18/23,137,Kabupaten Kotawaringin Timur
12/19/23,172,Kabupaten Kotawaringin Timur
12/20/23,158,Kabupaten Kotawaringin Timur
12/21/23,157,Kabupaten Kotawaringin Timur
12/22/23,129,Kabupaten Kotawaringin Timur
12/23/23,115,Kabupaten Kotawaringin Timur
12/24/23,71,Kabupaten Kotawaringin Timur
12/25/23,66,Kabupaten Kotawaringin Timur
12/26/23,68,Kabupaten Kotawaringin Timur
12/27/23,64,Kabupaten Kotawaringin Timur
12/28/23,49,Kabupaten Kotawaringin Timur
12/29/23,78,Kabupaten Kotawaringin Timur
12/30/23,71,Kabupaten Kotawaringin Timur
12/31/23,58,Kabupaten Kotawaringin Timur
1/1/24,55,Kabupaten Kotawaringin Timur
1/2/24,66,Kabupaten Kotawaringin Timur
1/3/24,143,Kabupaten Kotawaringin Timur
1/4/24,152,Kabupaten Kotawaringin Timur
1/5/24,71,Kabupaten Kotawaringin Timur
1/7/24,33,Kabupaten Kotawaringin Timur
1/8/24,38,Kabupaten Kotawaringin Timur
1/9/24,60,Kabupaten Kotawaringin Timur
1/10/24,64,Kabupaten Kotawaringin Timur
1/11/24,78,Kabupaten Kotawaringin Timur
1/12/24,63,Kabupaten Kotawaringin Timur
1/13/24,39,Kabupaten Kotawaringin Timur
1/14/24,66,Kabupaten Kotawaringin Timur
1/29/24,78,Kabupaten Kotawaringin Timur
1/30/24,52,Kabupaten Kotawaringin Timur
1/31/24,38,Kabupaten Kotawaringin Timur
2/1/24,49,Kabupaten Kotawaringin Timur
2/2/24,44,Kabupaten Kotawaringin Timur
2/3/24,32,Kabupaten Kotawaringin Timur
2/4/24,25,Kabupaten Kotawaringin Timur
2/5/24,20,Kabupaten Kotawaringin Timur
2/6/24,null,Kabupaten Kotawaringin Timur
2/7/24,32,Kabupaten Kotawaringin Timur
2/8/24,38,Kabupaten Kotawaringin Timur
2/9/24,39,Kabupaten Kotawaringin Timur
2/10/24,33,Kabupaten Kotawaringin Timur
2/11/24,24,Kabupaten Kotawaringin Timur
2/12/24,31,Kabupaten Kotawaringin Timur
2/13/24,54,Kabupaten Kotawaringin Timur
2/14/24,61,Kabupaten Kotawaringin Timur
2/15/24,43,Kabupaten Kotawaringin Timur
9/27/23,33,Kabupaten Sanggau Kapuas
9/28/23,55,Kabupaten Sanggau Kapuas
9/29/23,19,Kabupaten Sanggau Kapuas
9/30/23,14,Kabupaten Sanggau Kapuas
10/1/23,13,Kabupaten Sanggau Kapuas
10/2/23,18,Kabupaten Sanggau Kapuas
10/3/23,24,Kabupaten Sanggau Kapuas
10/4/23,30,Kabupaten Sanggau Kapuas
10/5/23,19,Kabupaten Sanggau Kapuas
10/6/23,25,Kabupaten Sanggau Kapuas
10/7/23,40,Kabupaten Sanggau Kapuas
10/8/23,22,Kabupaten Sanggau Kapuas
10/9/23,23,Kabupaten Sanggau Kapuas
10/10/23,22,Kabupaten Sanggau Kapuas
10/11/23,34,Kabupaten Sanggau Kapuas
10/12/23,52,Kabupaten Sanggau Kapuas
10/13/23,52,Kabupaten Sanggau Kapuas
10/14/23,60,Kabupaten Sanggau Kapuas
10/15/23,61,Kabupaten Sanggau Kapuas
10/16/23,58,Kabupaten Sanggau Kapuas
10/17/23,61,Kabupaten Sanggau Kapuas
10/18/23,53,Kabupaten Sanggau Kapuas
10/19/23,55,Kabupaten Sanggau Kapuas
10/20/23,55,Kabupaten Sanggau Kapuas
10/21/23,21,Kabupaten Sanggau Kapuas
10/22/23,14,Kabupaten Sanggau Kapuas
10/23/23,25,Kabupaten Sanggau Kapuas
10/24/23,29,Kabupaten Sanggau Kapuas
10/25/23,45,Kabupaten Sanggau Kapuas
10/26/23,40,Kabupaten Sanggau Kapuas
10/27/23,null,Kabupaten Sanggau Kapuas
10/28/23,16,Kabupaten Sanggau Kapuas
10/29/23,137,Kabupaten Sanggau Kapuas
10/30/23,128,Kabupaten Sanggau Kapuas
10/31/23,203,Kabupaten Sanggau Kapuas
11/1/23,182,Kabupaten Sanggau Kapuas
11/2/23,126,Kabupaten Sanggau Kapuas
11/3/23,55,Kabupaten Sanggau Kapuas
11/4/23,42,Kabupaten Sanggau Kapuas
11/5/23,52,Kabupaten Sanggau Kapuas
11/6/23,84,Kabupaten Sanggau Kapuas
11/7/23,56,Kabupaten Sanggau Kapuas
11/8/23,46,Kabupaten Sanggau Kapuas
11/9/23,41,Kabupaten Sanggau Kapuas
11/10/23,36,Kabupaten Sanggau Kapuas
11/11/23,16,Kabupaten Sanggau Kapuas
11/12/23,22,Kabupaten Sanggau Kapuas
11/13/23,21,Kabupaten Sanggau Kapuas
11/14/23,null,Kabupaten Sanggau Kapuas
11/15/23,56,Kabupaten Sanggau Kapuas
11/16/23,61,Kabupaten Sanggau Kapuas
11/17/23,72,Kabupaten Sanggau Kapuas
11/18/23,142,Kabupaten Sanggau Kapuas
11/19/23,91,Kabupaten Sanggau Kapuas
11/20/23,null,Kabupaten Sanggau Kapuas
11/21/23,null,Kabupaten Sanggau Kapuas
11/22/23,16,Kabupaten Sanggau Kapuas
11/23/23,137,Kabupaten Sanggau Kapuas
11/24/23,128,Kabupaten Sanggau Kapuas
11/25/23,203,Kabupaten Sanggau Kapuas
11/26/23,182,Kabupaten Sanggau Kapuas
11/27/23,126,Kabupaten Sanggau Kapuas
11/28/23,55,Kabupaten Sanggau Kapuas
11/29/23,42,Kabupaten Sanggau Kapuas
11/30/23,52,Kabupaten Sanggau Kapuas
12/1/23,84,Kabupaten Sanggau Kapuas
12/2/23,56,Kabupaten Sanggau Kapuas
12/3/23,46,Kabupaten Sanggau Kapuas
12/8/23,41,Kabupaten Sanggau Kapuas
12/9/23,36,Kabupaten Sanggau Kapuas
12/10/23,16,Kabupaten Sanggau Kapuas
12/11/23,22,Kabupaten Sanggau Kapuas
12/12/23,154,Kabupaten Sanggau Kapuas
12/13/23,153,Kabupaten Sanggau Kapuas
12/14/23,180,Kabupaten Sanggau Kapuas
12/15/23,163,Kabupaten Sanggau Kapuas
12/16/23,102,Kabupaten Sanggau Kapuas
12/17/23,153,Kabupaten Sanggau Kapuas
12/18/23,167,Kabupaten Sanggau Kapuas
12/19/23,157,Kabupaten Sanggau Kapuas
12/20/23,129,Kabupaten Sanggau Kapuas
12/21/23,115,Kabupaten Sanggau Kapuas
12/22/23,71,Kabupaten Sanggau Kapuas
12/23/23,66,Kabupaten Sanggau Kapuas
12/24/23,68,Kabupaten Sanggau Kapuas
12/25/23,64,Kabupaten Sanggau Kapuas
12/26/23,49,Kabupaten Sanggau Kapuas
12/27/23,78,Kabupaten Sanggau Kapuas
12/28/23,71,Kabupaten Sanggau Kapuas
12/29/23,58,Kabupaten Sanggau Kapuas
12/30/23,55,Kabupaten Sanggau Kapuas
12/31/23,66,Kabupaten Sanggau Kapuas
1/1/24,66,Kabupaten Sanggau Kapuas
1/2/24,69,Kabupaten Sanggau Kapuas
1/3/24,189,Kabupaten Sanggau Kapuas
1/4/24,159,Kabupaten Sanggau Kapuas
1/5/24,136,Kabupaten Sanggau Kapuas
1/7/24,119,Kabupaten Sanggau Kapuas
1/8/24,184,Kabupaten Sanggau Kapuas
1/9/24,202,Kabupaten Sanggau Kapuas
1/10/24,160,Kabupaten Sanggau Kapuas
1/11/24,173,Kabupaten Sanggau Kapuas
1/12/24,171,Kabupaten Sanggau Kapuas
1/13/24,172,Kabupaten Sanggau Kapuas
1/14/24,154,Kabupaten Sanggau Kapuas
1/29/24,78,Kabupaten Sanggau Kapuas
1/30/24,59,Kabupaten Sanggau Kapuas
1/31/24,59,Kabupaten Sanggau Kapuas
2/1/24,87,Kabupaten Sanggau Kapuas
2/2/24,62,Kabupaten Sanggau Kapuas
2/3/24,54,Kabupaten Sanggau Kapuas
2/4/24,42,Kabupaten Sanggau Kapuas
2/5/24,56,Kabupaten Sanggau Kapuas
2/6/24,80,Kabupaten Sanggau Kapuas
2/7/24,82,Kabupaten Sanggau Kapuas
2/8/24,88,Kabupaten Sanggau Kapuas
2/9/24,157,Kabupaten Sanggau Kapuas
2/10/24,108,Kabupaten Sanggau Kapuas
2/11/24,108,Kabupaten Sanggau Kapuas
2/12/24,105,Kabupaten Sanggau Kapuas
2/13/24,90,Kabupaten Sanggau Kapuas
2/14/24,57,Kabupaten Sanggau Kapuas
2/15/24,53,Kabupaten Sanggau Kapuas
9/27/23,181,Samarinda
9/28/23,167,Samarinda
9/29/23,156,Samarinda
9/30/23,120,Samarinda
10/1/23,61,Samarinda
10/2/23,83,Samarinda
10/3/23,137,Samarinda
10/4/23,128,Samarinda
10/5/23,203,Samarinda
10/6/23,182,Samarinda
10/7/23,126,Samarinda
10/8/23,55,Samarinda
10/9/23,42,Samarinda
10/10/23,52,Samarinda
10/11/23,84,Samarinda
10/12/23,56,Samarinda
10/13/23,46,Samarinda
10/14/23,41,Samarinda
10/15/23,36,Samarinda
10/16/23,16,Samarinda
10/17/23,22,Samarinda
10/18/23,21,Samarinda
10/19/23,null,Samarinda
10/20/23,56,Samarinda
10/21/23,33,Samarinda
10/22/23,28,Samarinda
10/23/23,43,Samarinda
10/24/23,54,Samarinda
10/25/23,59,Samarinda
10/26/23,50,Samarinda
10/27/23,33,Samarinda
10/28/23,55,Samarinda
10/29/23,19,Samarinda
10/30/23,14,Samarinda
10/31/23,13,Samarinda
11/1/23,18,Samarinda
11/2/23,24,Samarinda
11/3/23,30,Samarinda
11/4/23,19,Samarinda
11/5/23,25,Samarinda
11/6/23,40,Samarinda
11/7/23,22,Samarinda
11/8/23,23,Samarinda
11/9/23,22,Samarinda
11/10/23,34,Samarinda
11/11/23,52,Samarinda
11/12/23,52,Samarinda
11/13/23,60,Samarinda
11/14/23,61,Samarinda
11/15/23,58,Samarinda
11/16/23,61,Samarinda
11/17/23,53,Samarinda
11/18/23,55,Samarinda
11/19/23,55,Samarinda
11/20/23,59,Samarinda
11/21/23,63,Samarinda
11/22/23,90,Samarinda
11/23/23,58,Samarinda
11/24/23,26,Samarinda
11/25/23,13,Samarinda
11/26/23,18,Samarinda
11/27/23,24,Samarinda
11/28/23,30,Samarinda
11/29/23,19,Samarinda
11/30/23,25,Samarinda
12/1/23,40,Samarinda
12/2/23,22,Samarinda
12/3/23,23,Samarinda
12/8/23,22,Samarinda
12/9/23,34,Samarinda
12/10/23,52,Samarinda
12/11/23,52,Samarinda
12/12/23,167,Samarinda
12/13/23,156,Samarinda
12/14/23,120,Samarinda
12/15/23,61,Samarinda
12/16/23,83,Samarinda
12/17/23,137,Samarinda
12/18/23,128,Samarinda
12/19/23,203,Samarinda
12/20/23,182,Samarinda
12/21/23,126,Samarinda
12/22/23,55,Samarinda
12/23/23,42,Samarinda
12/24/23,52,Samarinda
12/25/23,84,Samarinda
12/26/23,56,Samarinda
12/27/23,46,Samarinda
12/28/23,41,Samarinda
12/29/23,36,Samarinda
12/30/23,16,Samarinda
12/31/23,22,Samarinda
1/1/24,21,Samarinda
1/2/24,null,Samarinda
1/3/24,71,Samarinda
1/4/24,33,Samarinda
1/5/24,38,Samarinda
1/7/24,60,Samarinda
1/8/24,64,Samarinda
1/9/24,78,Samarinda
1/10/24,63,Samarinda
1/11/24,39,Samarinda
1/12/24,66,Samarinda
1/13/24,78,Samarinda
1/14/24,52,Samarinda
1/29/24,38,Samarinda
1/30/24,49,Samarinda
1/31/24,44,Samarinda
2/1/24,32,Samarinda
2/2/24,25,Samarinda
2/3/24,20,Samarinda
2/4/24,null,Samarinda
2/5/24,32,Samarinda
2/6/24,38,Samarinda
2/7/24,39,Samarinda
2/8/24,33,Samarinda
2/9/24,24,Samarinda
2/10/24,31,Samarinda
2/11/24,54,Samarinda
2/12/24,61,Samarinda
2/13/24,43,Samarinda
2/14/24,29,Samarinda
2/15/24,52,Samarinda
9/27/23,241,Pontianak Tenggara Sungai Bangkong
9/28/23,301,Pontianak Tenggara Sungai Bangkong
9/29/23,179,Pontianak Tenggara Sungai Bangkong
9/30/23,189,Pontianak Tenggara Sungai Bangkong
10/1/23,159,Pontianak Tenggara Sungai Bangkong
10/2/23,136,Pontianak Tenggara Sungai Bangkong
10/3/23,119,Pontianak Tenggara Sungai Bangkong
10/4/23,184,Pontianak Tenggara Sungai Bangkong
10/5/23,202,Pontianak Tenggara Sungai Bangkong
10/6/23,160,Pontianak Tenggara Sungai Bangkong
10/7/23,173,Pontianak Tenggara Sungai Bangkong
10/8/23,171,Pontianak Tenggara Sungai Bangkong
10/9/23,172,Pontianak Tenggara Sungai Bangkong
10/10/23,154,Pontianak Tenggara Sungai Bangkong
10/11/23,78,Pontianak Tenggara Sungai Bangkong
10/12/23,59,Pontianak Tenggara Sungai Bangkong
10/13/23,59,Pontianak Tenggara Sungai Bangkong
10/14/23,87,Pontianak Tenggara Sungai Bangkong
10/15/23,62,Pontianak Tenggara Sungai Bangkong
10/16/23,54,Pontianak Tenggara Sungai Bangkong
10/17/23,42,Pontianak Tenggara Sungai Bangkong
10/18/23,56,Pontianak Tenggara Sungai Bangkong
10/19/23,80,Pontianak Tenggara Sungai Bangkong
10/20/23,82,Pontianak Tenggara Sungai Bangkong
10/21/23,20,Pontianak Tenggara Sungai Bangkong
10/22/23,19,Pontianak Tenggara Sungai Bangkong
10/23/23,47,Pontianak Tenggara Sungai Bangkong
10/24/23,52,Pontianak Tenggara Sungai Bangkong
10/25/23,52,Pontianak Tenggara Sungai Bangkong
10/26/23,46,Pontianak Tenggara Sungai Bangkong
10/27/23,52,Pontianak Tenggara Sungai Bangkong
10/28/23,46,Pontianak Tenggara Sungai Bangkong
10/29/23,115,Pontianak Tenggara Sungai Bangkong
10/30/23,121,Pontianak Tenggara Sungai Bangkong
10/31/23,182,Pontianak Tenggara Sungai Bangkong
11/1/23,172,Pontianak Tenggara Sungai Bangkong
11/2/23,161,Pontianak Tenggara Sungai Bangkong
11/3/23,152,Pontianak Tenggara Sungai Bangkong
11/4/23,143,Pontianak Tenggara Sungai Bangkong
11/5/23,108,Pontianak Tenggara Sungai Bangkong
11/6/23,138,Pontianak Tenggara Sungai Bangkong
11/7/23,91,Pontianak Tenggara Sungai Bangkong
11/8/23,91,Pontianak Tenggara Sungai Bangkong
11/9/23,91,Pontianak Tenggara Sungai Bangkong
11/10/23,91,Pontianak Tenggara Sungai Bangkong
11/11/23,93,Pontianak Tenggara Sungai Bangkong
11/12/23,130,Pontianak Tenggara Sungai Bangkong
11/13/23,121,Pontianak Tenggara Sungai Bangkong
11/14/23,121,Pontianak Tenggara Sungai Bangkong
11/15/23,112,Pontianak Tenggara Sungai Bangkong
11/16/23,137,Pontianak Tenggara Sungai Bangkong
11/17/23,172,Pontianak Tenggara Sungai Bangkong
11/18/23,158,Pontianak Tenggara Sungai Bangkong
11/19/23,null,Pontianak Tenggara Sungai Bangkong
11/20/23,91,Pontianak Tenggara Sungai Bangkong
11/21/23,91,Pontianak Tenggara Sungai Bangkong
11/22/23,17,Pontianak Tenggara Sungai Bangkong
11/23/23,14,Pontianak Tenggara Sungai Bangkong
11/24/23,11,Pontianak Tenggara Sungai Bangkong
11/25/23,182,Pontianak Tenggara Sungai Bangkong
11/26/23,172,Pontianak Tenggara Sungai Bangkong
11/27/23,161,Pontianak Tenggara Sungai Bangkong
11/28/23,152,Pontianak Tenggara Sungai Bangkong
11/29/23,143,Pontianak Tenggara Sungai Bangkong
11/30/23,108,Pontianak Tenggara Sungai Bangkong
12/1/23,138,Pontianak Tenggara Sungai Bangkong
12/2/23,91,Pontianak Tenggara Sungai Bangkong
12/3/23,91,Pontianak Tenggara Sungai Bangkong
12/8/23,91,Pontianak Tenggara Sungai Bangkong
12/9/23,91,Pontianak Tenggara Sungai Bangkong
12/10/23,93,Pontianak Tenggara Sungai Bangkong
12/11/23,130,Pontianak Tenggara Sungai Bangkong
12/12/23,301,Pontianak Tenggara Sungai Bangkong
12/13/23,179,Pontianak Tenggara Sungai Bangkong
12/14/23,189,Pontianak Tenggara Sungai Bangkong
12/15/23,159,Pontianak Tenggara Sungai Bangkong
12/16/23,136,Pontianak Tenggara Sungai Bangkong
12/17/23,119,Pontianak Tenggara Sungai Bangkong
12/18/23,184,Pontianak Tenggara Sungai Bangkong
12/19/23,202,Pontianak Tenggara Sungai Bangkong
12/20/23,160,Pontianak Tenggara Sungai Bangkong
12/21/23,173,Pontianak Tenggara Sungai Bangkong
12/22/23,171,Pontianak Tenggara Sungai Bangkong
12/23/23,172,Pontianak Tenggara Sungai Bangkong
12/24/23,154,Pontianak Tenggara Sungai Bangkong
12/25/23,78,Pontianak Tenggara Sungai Bangkong
12/26/23,59,Pontianak Tenggara Sungai Bangkong
12/27/23,59,Pontianak Tenggara Sungai Bangkong
12/28/23,87,Pontianak Tenggara Sungai Bangkong
12/29/23,62,Pontianak Tenggara Sungai Bangkong
12/30/23,54,Pontianak Tenggara Sungai Bangkong
12/31/23,42,Pontianak Tenggara Sungai Bangkong
1/1/24,56,Pontianak Tenggara Sungai Bangkong
1/2/24,80,Pontianak Tenggara Sungai Bangkong
1/3/24,65,Pontianak Tenggara Sungai Bangkong
1/4/24,62,Pontianak Tenggara Sungai Bangkong
1/5/24,53,Pontianak Tenggara Sungai Bangkong
1/7/24,65,Pontianak Tenggara Sungai Bangkong
1/8/24,45,Pontianak Tenggara Sungai Bangkong
1/9/24,59,Pontianak Tenggara Sungai Bangkong
1/10/24,38,Pontianak Tenggara Sungai Bangkong
1/11/24,54,Pontianak Tenggara Sungai Bangkong
1/12/24,57,Pontianak Tenggara Sungai Bangkong
1/13/24,60,Pontianak Tenggara Sungai Bangkong
1/14/24,53,Pontianak Tenggara Sungai Bangkong
1/29/24,65,Pontianak Tenggara Sungai Bangkong
1/30/24,53,Pontianak Tenggara Sungai Bangkong
1/31/24,65,Pontianak Tenggara Sungai Bangkong
2/1/24,71,Pontianak Tenggara Sungai Bangkong
2/2/24,71,Pontianak Tenggara Sungai Bangkong
2/3/24,76,Pontianak Tenggara Sungai Bangkong
2/4/24,66,Pontianak Tenggara Sungai Bangkong
2/5/24,79,Pontianak Tenggara Sungai Bangkong
2/6/24,72,Pontianak Tenggara Sungai Bangkong
2/7/24,69,Pontianak Tenggara Sungai Bangkong
2/8/24,67,Pontianak Tenggara Sungai Bangkong
2/9/24,61,Pontianak Tenggara Sungai Bangkong
2/10/24,51,Pontianak Tenggara Sungai Bangkong
2/11/24,58,Pontianak Tenggara Sungai Bangkong
2/12/24,58,Pontianak Tenggara Sungai Bangkong
2/13/24,55,Pontianak Tenggara Sungai Bangkong
2/14/24,71,Pontianak Tenggara Sungai Bangkong
2/15/24,63,Pontianak Tenggara Sungai Bangkong